# sstacks version 2.68; generated on 2026-06-26 14:29:45
898	1	GAGTCA	10	28M1D2M1D2M
898	1	GAGTGA	10	28M1D2M1D2M
898	1	GNATGA	10	28M2D4M
2349	2	AT	4	32M
2349	2	GC	3	32M
8623	3	G	3	32M
8623	3	T	3	32M
1658	4	CCA	39	33M1D
4	5	AGGGTGAGCGCTGGCTGCGNTAT	42	26M1D5M4D2M
1875	6	ATCCGGAACGCC	26	27M2D6M
1875	6	ATCCGGAACGCT	26	27M2D6M
2259	7	TAAAGGGGGANNNG	51	31M7D3M
1983	8	G	25	33M
1174	9	GC	52	11M1D21M
1174	9	GG	52	11M1D21M
4294	10	consensus	8	11M3D24M
813	12	CGCC	5	32M
813	12	CGGA	4	32M
7830	27	consensus	3	32M
8624	28	C	3	32M
8625	29	consensus	3	32M
6735	30	consensus	3	32M
5164	31	consensus	3	32M
8626	32	consensus	3	32M
8627	33	consensus	3	32M
8628	34	consensus	3	32M
8629	35	consensus	4	32M
8630	36	consensus	3	32M
8631	37	consensus	3	32M
8632	38	C	3	32M
7875	39	consensus	3	32M
728	40	consensus	3	32M
8633	41	consensus	3	32M
8634	42	consensus	5	32M
8635	43	consensus	5	32M
2775	44	consensus	3	32M
8636	45	consensus	4	32M
8637	46	consensus	3	32M
8638	47	consensus	3	32M
8639	48	consensus	3	32M
507	49	A	4	32M
507	49	G	5	32M
663	50	consensus	4	32M
8640	51	consensus	3	32M
6340	52	consensus	3	32M
8641	53	consensus	4	32M
8642	54	consensus	6	32M
8643	55	consensus	3	32M
8644	56	consensus	4	32M
8645	57	consensus	3	32M
4141	58	consensus	4	32M
8646	59	consensus	4	32M
7547	60	consensus	4	32M
4324	61	consensus	4	32M
8647	62	consensus	4	32M
8648	63	consensus	4	32M
8649	64	consensus	3	32M
8650	65	consensus	3	32M
7041	66	consensus	4	32M
5422	67	consensus	3	32M
8651	68	consensus	3	32M
8652	69	consensus	4	32M
1617	70	consensus	3	32M
8653	71	GT	5	32M
8654	72	consensus	4	32M
8655	73	consensus	3	32M
2410	74	GT	55	32M
4158	75	consensus	3	32M
8656	76	consensus	3	32M
340	77	consensus	4	32M
8657	78	consensus	3	32M
8658	79	consensus	3	32M
6527	80	consensus	3	32M
2950	81	consensus	3	32M
8659	82	consensus	3	32M
8660	83	consensus	3	32M
8661	84	consensus	3	32M
8662	85	consensus	6	32M
8172	86	consensus	3	32M
8663	87	consensus	4	32M
8664	88	consensus	3	32M
55	89	consensus	3	32M
854	90	consensus	3	32M
8665	91	consensus	3	32M
8666	92	consensus	3	32M
8667	93	consensus	3	32M
988	94	consensus	5	32M
8668	95	consensus	3	32M
8440	96	consensus	9	32M
5050	97	consensus	4	32M
8669	98	consensus	4	32M
1255	99	consensus	3	32M
8670	100	consensus	7	32M
8671	101	consensus	3	32M
8672	102	consensus	3	32M
1329	103	A	10	32M
3662	104	consensus	3	32M
8673	105	consensus	3	32M
4153	106	consensus	3	32M
8674	107	consensus	3	32M
8675	108	consensus	3	32M
8676	109	consensus	5	32M
8677	110	consensus	3	32M
5275	111	consensus	4	32M
8520	112	consensus	4	32M
8678	113	consensus	3	32M
8679	114	consensus	3	32M
1813	115	consensus	3	32M1D
8680	116	consensus	3	32M
4455	117	consensus	3	32M
8681	118	consensus	4	32M
8682	119	consensus	3	32M
2676	120	CC	3	32M
8683	121	consensus	3	32M
4972	122	consensus	3	32M
8684	123	consensus	4	32M
8685	124	consensus	5	32M
1779	125	consensus	3	32M
8686	126	consensus	4	32M
2860	127	A	4	32M
2860	127	C	5	32M
8687	128	consensus	6	32M
3004	129	consensus	6	32M
8688	130	consensus	4	32M
8689	131	consensus	3	32M
8690	132	consensus	3	32M
6657	133	consensus	3	32M
7274	134	C	3	32M
8691	135	consensus	3	32M
2540	136	consensus	5	32M
8692	137	consensus	3	32M
8359	139	consensus	3	32M
6037	140	consensus	3	32M
8693	141	consensus	4	32M
1386	142	consensus	3	32M
8694	143	consensus	3	32M
6241	144	consensus	3	32M
5647	145	consensus	3	32M
8695	146	consensus	6	32M
6165	147	consensus	4	32M
6889	148	consensus	3	32M
8696	149	consensus	5	32M
8697	150	consensus	3	32M
2468	151	consensus	3	32M
8698	152	consensus	4	32M
8699	153	consensus	3	32M
1271	154	ACG	9	32M
8700	155	consensus	3	32M
8701	156	C	3	32M
1034	157	CGT	4	32M
1034	157	TGT	10	32M
8702	158	consensus	3	32M
3450	159	consensus	3	32M
8703	160	consensus	3	32M
8704	161	consensus	4	32M
8705	162	consensus	3	32M
5682	163	consensus	3	32M
8706	164	consensus	3	32M
8534	165	consensus	3	32M
2430	166	A	3	32M
7602	168	consensus	3	32M
8707	169	consensus	3	32M
8708	170	consensus	3	32M
905	171	consensus	7	32M
8709	172	consensus	3	32M
8710	173	consensus	3	32M
8711	174	consensus	4	32M
8712	175	consensus	3	32M
8294	176	consensus	4	32M
3053	177	C	5	32M
3053	177	T	7	32M
8713	178	consensus	5	32M
8714	179	consensus	4	32M
8715	180	consensus	3	32M
3561	181	consensus	4	32M
6782	182	consensus	3	32M
8716	183	consensus	3	32M
8717	184	consensus	4	32M
8718	185	consensus	3	32M
8719	186	consensus	4	32M
8720	187	consensus	4	32M
8721	188	C	4	32M
257	189	consensus	4	32M
5960	190	consensus	3	32M
7996	191	A	3	32M
8722	192	consensus	3	32M
8723	193	consensus	3	32M
295	194	consensus	3	32M
2991	195	T	3	32M
8724	196	consensus	4	32M
8725	197	consensus	3	32M
1281	198	consensus	3	32M
8726	199	consensus	4	32M
8370	200	consensus	4	32M
8727	201	consensus	3	32M
8728	202	consensus	3	32M
1083	203	A	9	32M
810	204	consensus	6	32M
8729	205	consensus	5	32M
1089	206	consensus	4	32M
2121	207	consensus	4	32M
8730	208	consensus	5	32M
1722	209	T	7	32M
8731	210	consensus	3	32M
8732	211	consensus	5	32M
5167	212	consensus	4	32M
4072	213	consensus	5	32M
3330	214	consensus	4	32M
8733	215	consensus	3	32M
8734	216	G	6	32M
2106	217	GG	7	31M1D1M
5746	218	C	3	32M
8735	219	consensus	4	32M
8736	220	consensus	3	32M
3704	221	consensus	3	32M
2237	222	consensus	6	32M
8737	223	consensus	3	32M
3276	224	consensus	3	32M
8738	225	consensus	4	32M
8739	226	T	5	32M
8740	227	consensus	3	32M
1641	228	consensus	3	32M
6366	229	consensus	4	32M
1193	230	consensus	11	32M
3638	231	consensus	3	32M
8741	232	consensus	3	32M
4663	233	consensus	3	32M
6932	234	T	8	32M
8742	235	consensus	3	32M
8743	236	consensus	4	32M
8744	237	consensus	5	32M
8745	238	consensus	3	32M
1749	239	G	6	32M
7635	240	consensus	4	32M
891	241	C	17	32M
5089	242	consensus	9	32M
1885	243	consensus	4	32M
8746	244	consensus	3	32M
6964	245	consensus	3	32M
8747	246	consensus	4	32M
8748	247	consensus	3	32M
8749	248	consensus	3	32M
8750	249	consensus	3	32M
8751	250	consensus	3	32M
2388	251	consensus	4	32M
8752	252	consensus	3	32M
1592	253	consensus	6	35M
4633	254	A	5	32M
8753	255	consensus	4	32M
1743	256	consensus	4	32M
8754	257	consensus	3	32M
8755	259	G	5	32M
8756	260	consensus	4	32M
5407	261	consensus	5	32M
8757	262	consensus	4	32M
8758	263	consensus	4	32M
1455	264	consensus	4	32M
8759	265	consensus	5	32M
6180	266	consensus	4	32M
8760	267	consensus	3	32M
8761	268	consensus	3	32M
5384	269	consensus	4	32M
8762	270	consensus	4	32M
8763	271	consensus	3	32M
8764	272	T	5	32M
8765	273	consensus	3	32M
8766	274	consensus	3	32M
8767	275	consensus	5	32M
1335	276	CG	5	32M
8768	277	consensus	4	32M
8769	278	consensus	3	32M
3117	279	consensus	3	32M
848	280	consensus	3	32M
8770	281	consensus	4	32M
8771	282	consensus	6	32M
3981	283	consensus	3	32M
8772	284	consensus	4	32M
8773	285	consensus	3	32M
8774	286	consensus	3	32M
8775	287	consensus	3	32M
8776	288	consensus	3	32M
8777	289	consensus	5	32M
8778	290	consensus	3	32M
8779	291	G	4	32M
8378	292	T	7	32M
3350	293	consensus	4	32M
8780	294	consensus	3	32M
7066	295	consensus	3	32M
6257	296	consensus	3	32M
8781	297	consensus	4	32M
8782	298	consensus	5	32M
6866	299	consensus	6	32M
8783	300	consensus	3	32M
842	301	G	6	32M
842	301	T	4	32M
6418	302	consensus	4	32M
6419	303	consensus	5	32M
7817	304	consensus	3	32M
8784	305	consensus	3	32M
8785	306	C	4	33M
8785	306	G	4	33M
8786	307	consensus	3	32M
598	308	consensus	4	32M
6593	309	consensus	3	32M
3030	310	C	3	32M
8787	311	consensus	4	32M
8788	312	A	3	32M
8789	313	consensus	4	32M
8790	314	T	3	32M
1151	315	G	5	32M
3591	316	T	4	32M
8791	317	consensus	5	32M
8792	318	consensus	3	32M
8793	319	consensus	4	32M
8794	320	consensus	4	32M
8249	321	A	3	32M
8795	322	consensus	4	32M
636	323	consensus	3	32M
8796	324	consensus	4	32M
6685	325	consensus	3	32M
2634	326	consensus	3	32M
8797	327	consensus	3	32M
8798	328	A	3	32M
4746	329	consensus	3	32M
8799	330	consensus	5	32M
8800	331	C	3	32M
8801	332	consensus	4	32M
8802	333	consensus	9	32M
8803	334	consensus	3	32M
8804	335	consensus	4	32M
8805	336	consensus	3	32M
8806	337	consensus	4	32M
1608	338	consensus	8	32M
8807	339	consensus	3	32M
5494	340	consensus	3	32M
8808	341	consensus	4	32M
8809	342	consensus	3	32M
8810	343	A	3	32M
8811	344	consensus	3	32M
690	345	T	3	32M
8432	346	A	4	32M
8812	347	consensus	3	32M
8813	348	consensus	3	32M
8814	349	consensus	3	32M
8815	350	A	3	32M
3729	351	consensus	4	32M
8816	352	consensus	3	32M
2084	353	consensus	4	32M
2813	354	CTG	8	6M1D27M
7213	355	consensus	3	32M
699	356	consensus	7	32M
1884	357	consensus	7	32M
8817	358	consensus	6	32M
8818	359	consensus	4	32M
2787	360	consensus	4	32M
8446	361	consensus	5	32M
954	362	CT	5	32M
954	362	TC	3	32M
8819	363	consensus	4	32M
6775	364	consensus	5	32M
8820	365	consensus	4	32M
6621	366	consensus	3	32M
8821	367	consensus	3	32M
1067	368	consensus	4	32M
2788	369	consensus	3	32M
8822	370	consensus	5	32M
8823	371	consensus	6	32M
8824	372	A	3	32M
552	373	consensus	3	32M
8825	374	consensus	3	32M
1585	375	consensus	3	32M
8826	376	consensus	4	32M
3463	377	consensus	5	32M
200	378	consensus	5	32M
8827	379	consensus	3	32M
8828	380	consensus	4	32M
8829	381	consensus	3	32M
8830	382	consensus	3	32M
3703	383	consensus	5	32M
8831	384	consensus	4	32M
8832	385	consensus	3	32M
8833	386	consensus	4	32M
8834	387	consensus	4	32M
779	388	T	3	32M
4625	389	consensus	3	32M
8835	390	consensus	3	32M
8836	391	consensus	4	32M
8837	392	consensus	4	32M
4050	393	consensus	4	32M
8838	394	consensus	3	32M
8386	395	consensus	5	32M
88	396	consensus	5	32M
8839	397	consensus	3	32M
2918	398	consensus	3	32M
8840	399	consensus	3	32M
8841	400	consensus	5	20M1D5M1D7M
7122	401	consensus	3	32M
42	402	consensus	3	32M
8842	403	consensus	3	32M
7365	404	consensus	5	32M
8843	405	consensus	3	32M
7053	406	consensus	5	32M
8844	407	consensus	3	32M
3853	408	consensus	4	32M
8845	409	consensus	3	32M
8846	410	consensus	3	32M
8847	411	consensus	3	32M
8848	412	consensus	5	32M
1296	413	consensus	4	32M
4155	414	consensus	3	32M
6071	415	consensus	4	32M
8849	416	consensus	4	32M
4282	417	C	3	33M
4282	417	T	2	33M
8850	418	consensus	3	32M
6156	419	consensus	5	32M
3826	420	consensus	6	32M
3442	421	CGT	4	32M
3442	421	GAT	4	32M
307	422	consensus	3	32M
6670	423	consensus	4	32M
8851	424	consensus	6	32M
5903	425	consensus	6	32M
8852	426	consensus	4	32M
8853	427	consensus	3	32M
8854	428	consensus	3	32M
146	429	consensus	3	32M
8855	430	consensus	5	32M
8856	431	consensus	3	32M
8857	432	consensus	5	32M
8858	433	consensus	5	32M
8859	434	consensus	3	32M
7008	435	consensus	4	32M
8057	436	consensus	3	32M
8860	437	consensus	4	32M
1814	438	consensus	14	32M
8861	439	consensus	5	32M
1911	440	consensus	4	32M
8862	441	consensus	4	32M
8863	442	consensus	7	32M
8864	443	consensus	3	32M
498	444	consensus	3	32M
2406	445	consensus	5	32M
5832	446	C	3	32M
8865	447	A	3	32M
8866	448	consensus	3	32M
8867	449	consensus	3	32M
8868	450	consensus	4	32M
8869	451	consensus	5	32M
1228	452	T	6	32M
8870	453	consensus	6	32M
8871	454	consensus	4	32M
1092	455	consensus	4	32M
1449	456	consensus	7	32M
2245	457	consensus	3	32M
8872	458	consensus	3	32M
8873	459	consensus	3	32M
8874	460	consensus	3	32M
4896	461	consensus	4	32M
8875	462	consensus	4	32M
2103	463	consensus	4	32M
8876	464	consensus	3	32M
3316	465	consensus	6	32M
8877	466	consensus	3	32M
8878	467	consensus	4	32M
8394	468	consensus	6	32M
2154	469	consensus	3	32M
8879	470	consensus	3	32M
8880	471	consensus	4	32M
8881	472	consensus	3	32M
8882	473	consensus	4	32M
8883	474	consensus	3	32M
7201	475	consensus	5	32M
8884	476	consensus	4	32M
2151	477	TT	3	32M
8885	478	consensus	5	32M
7152	479	consensus	4	32M
6466	480	consensus	5	32M
8886	481	consensus	5	32M
8887	482	consensus	4	32M
5117	483	consensus	3	32M
4785	484	consensus	5	32M
8888	485	consensus	6	32M
5791	486	consensus	9	32M
8889	487	consensus	3	32M
8890	488	consensus	3	32M
8891	489	consensus	3	32M
2911	490	C	15	32M
7838	491	consensus	3	32M
5573	492	consensus	3	32M
8892	493	consensus	3	32M
8893	494	consensus	3	32M
8894	495	consensus	3	32M
1191	496	consensus	3	32M
3225	497	consensus	5	32M
8895	498	consensus	3	32M
3344	499	consensus	6	32M
8896	500	consensus	3	32M
3584	501	consensus	4	32M
8897	502	consensus	5	32M
3563	503	consensus	3	32M
8898	504	T	5	32M
1770	505	consensus	8	32M
4555	506	consensus	4	32M
8899	507	consensus	3	32M
8900	508	CCC	7	32M
1074	509	A	12	32M1D
1074	509	G	13	32M1D
8901	510	consensus	4	32M
8902	511	consensus	5	32M
8903	512	consensus	4	32M
8904	513	consensus	4	32M
1224	514	A	3	32M
8905	515	consensus	4	32M
35	516	consensus	4	32M
1410	517	consensus	6	32M
8906	518	consensus	4	32M
8907	519	consensus	4	32M
5776	520	consensus	3	32M
8908	521	consensus	3	32M
1820	522	consensus	4	32M
4799	523	consensus	4	32M
8909	524	consensus	4	32M
2631	525	consensus	4	32M
8910	526	consensus	3	32M
8911	527	consensus	4	32M
5596	528	consensus	3	32M
2696	529	TGGC	3	32M
8912	530	consensus	3	32M
8913	531	consensus	3	32M
5593	532	consensus	4	32M
8914	533	consensus	3	32M
3782	534	consensus	4	32M
526	535	CCTCCCA	18	32M
526	535	CCTCCTA	10	32M
119	536	consensus	4	32M
8915	537	G	5	32M
7429	538	consensus	4	32M
8916	539	consensus	3	32M
2827	540	G	3	32M
2827	540	T	5	32M
8917	541	consensus	4	32M
8276	542	consensus	3	32M
2580	543	consensus	3	32M
190	544	consensus	4	32M
8918	545	consensus	3	32M
8919	546	consensus	3	32M
8920	547	consensus	3	32M
4283	548	consensus	5	32M
2153	549	consensus	3	32M
7284	550	consensus	3	32M
4368	551	consensus	3	32M
8921	552	consensus	3	32M
8922	553	consensus	6	32M
8923	554	consensus	5	32M
8924	555	consensus	3	32M
8925	556	consensus	4	32M
8926	557	consensus	4	32M
1567	558	consensus	3	32M
8927	559	consensus	3	32M
8928	560	consensus	3	32M
8929	561	C	5	35M
8929	561	G	11	35M
8930	562	consensus	3	32M
8931	563	consensus	3	32M
6800	564	consensus	3	32M
8932	565	consensus	4	32M
1851	566	consensus	6	32M
8933	567	consensus	3	32M
8934	568	consensus	3	32M
8935	569	consensus	6	32M
6021	570	consensus	5	32M
8936	571	consensus	3	32M
8937	572	consensus	3	32M
8938	573	consensus	3	32M
2617	574	GATGGGTG	13	32M
2473	575	consensus	4	32M
8939	576	consensus	4	32M
2037	577	consensus	6	32M
8940	578	consensus	4	32M
8941	579	consensus	3	32M
830	580	consensus	3	32M
474	581	consensus	3	32M
8942	582	consensus	3	32M
8943	583	consensus	3	32M
2866	584	consensus	4	32M
3165	585	consensus	5	32M
1442	586	consensus	4	32M
8944	587	consensus	3	32M
8945	588	consensus	4	32M
8946	589	consensus	3	32M
4996	590	consensus	3	32M
8947	591	consensus	3	32M
8948	592	consensus	4	32M
4259	593	consensus	3	32M
8949	594	consensus	4	32M
8950	595	consensus	3	32M
4320	596	consensus	6	32M
4880	597	consensus	3	32M
7720	598	consensus	3	32M
6199	599	consensus	5	32M
8402	600	consensus	4	32M
8951	601	consensus	4	32M
8952	602	consensus	3	32M
2434	603	consensus	6	32M
3523	604	consensus	3	32M
8953	605	consensus	3	32M
2736	606	consensus	4	32M
8954	607	consensus	3	32M
8955	608	consensus	3	32M
6909	609	consensus	3	32M
5090	610	T	3	32M
6232	611	consensus	4	32M
6176	612	A	3	32M
6176	612	T	2	32M
4002	613	consensus	7	32M
626	614	consensus	6	32M
758	615	C	6	32M
758	615	T	18	32M
7958	616	consensus	5	32M
8956	617	consensus	6	32M
8957	618	consensus	3	32M
2240	621	consensus	4	32M
8958	622	consensus	6	32M
8959	623	consensus	3	32M
2241	624	consensus	6	32M
622	625	CCA	9	32M
622	625	CCG	4	32M
622	625	TCG	7	32M
8960	626	consensus	4	32M
8961	627	consensus	3	32M
8962	628	TAAGATG	5	32M
8962	628	TAAGATT	3	32M
8963	629	consensus	3	32M
2216	630	consensus	3	32M
8964	631	consensus	4	32M
8965	632	consensus	3	32M
868	633	consensus	6	32M
6470	634	consensus	3	32M
8435	635	consensus	4	32M
8966	636	consensus	3	32M
4469	637	consensus	7	32M
1407	638	consensus	4	32M
1405	639	consensus	4	32M
851	640	G	3	32M
8967	641	consensus	3	32M
1740	642	TC	34	32M4D
8968	643	consensus	4	32M
4180	644	consensus	4	32M
8969	645	consensus	3	32M
8970	646	consensus	3	32M
59	647	consensus	3	32M
3262	648	consensus	19	32M
8971	649	consensus	3	32M
8972	650	consensus	7	32M
6921	651	consensus	4	32M
8973	652	consensus	5	32M
8974	653	consensus	4	32M
8975	654	consensus	5	32M
4	655	AGGCTGAGCGCTGGGTNCGNGTT	20	26M6D6M
4	655	AGGGTGAGCGCTGGGTNCGNGTT	20	26M6D6M
8976	656	consensus	5	32M
5183	657	consensus	3	32M
8977	658	consensus	3	32M
7738	659	consensus	3	32M
8978	660	consensus	3	32M
1159	661	consensus	5	32M
1593	662	consensus	3	32M
8979	663	consensus	3	32M
6924	664	A	4	32M
3801	665	consensus	4	32M
8980	666	consensus	4	32M
1564	667	consensus	4	32M
8981	668	consensus	3	32M
280	669	consensus	3	32M
3	670	GGGGGGGCATN	13	26M3D5M3D1M
3	670	GGGGTGGCATN	13	26M3D5M3D1M
8983	671	consensus	3	32M
8984	672	consensus	3	32M
8985	673	consensus	3	32M
8986	674	consensus	6	32M
1028	675	consensus	3	32M
8987	676	consensus	4	32M
334	677	consensus	4	32M
7299	678	consensus	4	32M
3098	679	AT	3	32M
8988	680	consensus	4	32M
8989	681	consensus	3	32M
8990	682	consensus	3	32M
8991	683	consensus	4	32M
8992	684	consensus	3	32M
1570	685	consensus	4	32M
1832	686	consensus	6	32M
4544	687	consensus	3	32M
1548	688	G	4	32M
3641	689	consensus	3	32M
8993	690	consensus	3	32M
2378	691	consensus	3	32M
846	692	consensus	4	32M
2055	693	consensus	4	32M
3969	694	consensus	3	32M
576	695	consensus	4	32M
3928	696	consensus	3	32M
8994	697	consensus	3	32M
2490	698	T	4	32M
6709	699	G	19	32M
6709	699	T	7	32M
6950	700	consensus	6	32M
8995	701	consensus	4	32M
8996	702	consensus	4	32M
8997	703	consensus	4	32M
4810	704	consensus	5	32M
182	705	C	4	32M
8998	706	consensus	7	32M
3373	707	consensus	5	32M
8999	708	consensus	3	32M
7311	709	consensus	4	32M
9000	710	consensus	5	32M
9001	711	consensus	6	32M
9002	712	A	4	32M
9003	713	consensus	3	32M
9004	714	consensus	3	32M
9005	715	consensus	5	32M
4806	716	consensus	4	32M
9006	717	consensus	4	32M
9007	718	consensus	5	32M
4400	719	consensus	5	32M
550	720	consensus	3	32M
9008	721	consensus	3	32M
5124	722	consensus	3	32M
2170	723	consensus	3	32M
9009	724	consensus	4	32M
52	725	consensus	32	33M
2122	726	consensus	4	32M
9010	727	consensus	5	32M
4074	728	consensus	4	32M
9011	730	consensus	4	32M
9012	731	C	3	32M
9013	732	consensus	3	32M
2626	733	consensus	5	32M
5933	734	consensus	4	32M
5469	735	consensus	3	32M
9014	736	consensus	5	32M
9015	737	consensus	4	32M
9016	738	consensus	5	32M
9017	739	T	4	32M
9018	740	consensus	3	32M
4485	741	G	4	32M
9019	742	consensus	4	32M
5610	743	consensus	4	32M
480	744	C	5	32M
9020	745	consensus	3	32M
5618	746	consensus	3	32M
5986	747	consensus	6	32M
7753	748	consensus	3	32M
9021	749	consensus	4	32M
9022	750	A	4	32M
9023	751	consensus	3	32M
5926	752	consensus	3	32M
9024	753	consensus	4	32M
623	754	consensus	12	32M
9025	755	consensus	7	32M
9026	756	consensus	3	32M
2968	757	consensus	3	32M
9027	758	consensus	4	32M
9028	759	consensus	4	32M
1561	760	T	3	32M
7184	761	consensus	5	32M
6351	762	consensus	3	32M
407	763	consensus	3	32M
8376	764	consensus	3	32M
4949	765	consensus	4	32M
3091	766	C	4	32M
2249	767	consensus	5	32M
3957	768	consensus	3	32M
9029	769	consensus	3	32M
4994	770	consensus	4	32M
9030	771	consensus	4	32M
9031	772	consensus	4	32M
9032	773	consensus	3	32M
3486	774	consensus	4	32M
9033	775	consensus	3	32M
9034	776	consensus	3	32M
9035	777	consensus	4	32M
9036	778	consensus	4	32M
9037	779	consensus	5	32M
9038	780	consensus	4	32M
6562	781	G	5	32M
1149	782	GC	2	32M
1149	782	TA	3	32M
9039	783	consensus	5	32M
9040	784	consensus	3	32M
115	785	consensus	3	32M
9041	786	consensus	3	32M
9042	787	consensus	3	32M
9043	788	consensus	6	32M
8155	789	consensus	3	32M
9044	790	consensus	3	32M
6136	791	consensus	3	32M
3219	792	consensus	3	32M
1400	793	consensus	5	32M
4312	794	consensus	3	32M
3904	795	consensus	5	32M
1177	796	consensus	6	22M2D10M
2507	797	consensus	4	32M
9045	798	consensus	3	32M
2284	799	consensus	3	32M
9046	800	consensus	3	32M
9047	801	consensus	5	32M
9048	802	consensus	3	32M
9049	803	consensus	5	32M
9050	804	consensus	3	32M
9051	805	consensus	3	32M
7769	806	consensus	3	32M
7768	807	consensus	3	32M
9052	808	consensus	5	32M
9053	809	consensus	3	32M
3986	810	consensus	6	32M
2234	811	consensus	3	32M
5176	812	consensus	4	32M
2624	813	consensus	4	32M
1587	814	consensus	4	32M
1699	815	consensus	5	32M
9054	816	consensus	4	32M
4381	817	CCGC	13	11M1D21M
4381	817	TCAC	13	11M1D21M
4381	817	CCGC	13	10M1D22M
9055	818	consensus	3	32M
3598	819	consensus	3	32M
3785	820	consensus	3	32M
9056	821	consensus	3	32M
7133	822	consensus	5	32M
876	823	consensus	3	32M
9057	824	consensus	4	32M
8009	825	consensus	6	32M1D
9058	826	consensus	3	32M
1739	827	consensus	5	32M
9059	828	consensus	3	32M
8036	829	consensus	3	32M
999	830	CC	6	32M
999	830	CG	3	32M
4215	831	consensus	3	32M
9060	832	consensus	3	32M
9061	833	consensus	3	32M
7577	834	consensus	4	32M
4193	835	consensus	3	32M
9062	836	consensus	3	32M
5133	837	consensus	4	32M
9063	838	consensus	3	27M1D5M
477	839	consensus	20	32M
9064	840	consensus	3	32M
624	842	G	3	32M
9065	843	consensus	6	32M
2527	844	consensus	3	32M
5323	845	consensus	5	32M
4744	846	consensus	5	32M
6615	847	consensus	84	28M1D6M
5875	848	consensus	3	32M
7118	849	consensus	5	32M
9066	850	consensus	3	32M
549	851	C	6	32M
5530	852	consensus	3	32M
9067	853	consensus	3	32M
4453	854	consensus	8	32M
9068	855	consensus	7	32M
631	856	consensus	6	32M
9069	857	consensus	3	32M
4683	858	consensus	3	32M
4684	859	consensus	3	32M
6693	860	consensus	4	32M
222	861	TCAACAG	19	32M
222	861	TCAGCAG	7	32M
7339	862	CTC	6	32M
3708	863	consensus	4	32M
9070	864	consensus	3	32M
9071	865	consensus	3	32M
6490	866	G	5	32M
3811	867	consensus	8	32M
3541	868	consensus	5	32M
7525	869	consensus	3	32M
1530	870	consensus	5	32M
4613	871	consensus	4	32M
9072	872	CC	3	32M
9072	872	TC	2	32M
9073	873	consensus	4	32M
587	874	CT	12	33M
9074	875	consensus	4	32M
9075	876	consensus	4	32M
9076	877	consensus	4	32M
9077	878	consensus	3	32M
9078	879	consensus	4	32M
4902	880	consensus	5	32M
648	881	consensus	4	32M
4887	882	consensus	7	32M
9079	883	consensus	3	32M
285	884	consensus	4	32M
5534	885	consensus	3	32M
4801	886	consensus	4	32M
9080	887	consensus	3	32M
9081	888	consensus	4	32M
5742	889	consensus	3	32M
9082	890	consensus	4	32M
3064	891	consensus	5	32M
8144	892	consensus	4	32M
5396	893	consensus	3	32M
7466	894	consensus	4	32M
9083	895	consensus	4	32M
9084	896	consensus	4	32M
9085	897	consensus	3	32M
6261	898	consensus	5	32M
9086	899	CGCGT	6	32M4D
5048	900	consensus	4	32M
9087	901	consensus	3	32M
9088	902	consensus	3	32M
9089	903	consensus	4	32M
9090	904	consensus	4	32M
5831	905	TGGTTAACCC	65	32M
9091	906	consensus	3	32M
2135	907	consensus	9	32M
9092	908	consensus	4	32M
9093	909	consensus	3	32M
834	910	consensus	4	32M
5701	911	GG	8	32M
1509	912	consensus	4	32M
9094	913	consensus	3	32M
7155	914	consensus	3	32M
9095	915	G	5	32M
5077	916	consensus	6	32M
9096	917	consensus	6	32M
9097	918	consensus	4	32M
9098	919	consensus	7	32M
9099	920	consensus	3	32M
9100	921	consensus	7	32M
9101	922	consensus	4	32M
8512	923	C	4	32M
9102	924	consensus	4	32M
9103	925	consensus	4	32M
9104	926	consensus	4	32M
9105	927	consensus	3	32M
9106	928	consensus	4	32M
9107	929	consensus	4	32M
1640	930	consensus	5	32M
9108	931	consensus	3	32M
3719	932	T	5	32M4D
9109	933	C	4	32M
9110	934	consensus	4	32M
2180	935	consensus	3	32M
9111	936	consensus	4	32M
9112	937	TTTC	2	32M
9112	937	TTTG	3	32M
6871	938	consensus	3	32M
9113	939	consensus	3	32M
6809	940	consensus	4	32M
9114	941	consensus	5	32M
9115	942	consensus	3	32M
9116	943	consensus	4	32M
9117	944	CG	6	32M
9118	945	consensus	4	32M
9119	946	consensus	3	32M
1552	947	consensus	3	32M
3647	948	consensus	5	32M
9120	949	consensus	3	32M
721	950	TAG	7	32M
9121	951	consensus	6	32M
4465	952	consensus	8	32M
9122	953	consensus	4	32M
9123	954	consensus	3	32M
2243	955	AATCT	20	33M1D1M
5022	956	consensus	5	32M
9124	957	consensus	3	32M
9125	958	consensus	4	32M
9126	959	consensus	4	32M
812	960	consensus	5	32M
9127	961	consensus	3	32M
2535	962	consensus	5	32M
9128	963	consensus	4	32M
9129	964	consensus	3	32M
9130	965	consensus	5	32M
9131	966	consensus	4	32M
3380	967	consensus	14	32M
9132	968	consensus	4	32M
4541	969	consensus	4	32M
9133	970	consensus	4	32M
5818	971	consensus	3	32M
4315	972	consensus	4	32M
9134	973	G	3	32M
872	974	consensus	4	32M
9135	975	consensus	4	32M
7698	976	consensus	4	32M
1496	977	consensus	10	32M
9136	978	A	3	32M
9137	979	consensus	4	32M
8051	980	consensus	5	32M
9138	981	consensus	3	32M
9139	982	consensus	4	32M
6785	983	consensus	3	32M
9140	984	consensus	3	32M
1251	985	TA	19	32M
6905	986	consensus	5	32M
1024	987	consensus	5	32M
942	988	consensus	4	32M
9141	989	consensus	3	32M
9142	990	A	4	32M
9142	990	G	3	32M
1436	991	consensus	5	32M
826	992	consensus	3	32M
9143	993	consensus	4	32M
1208	994	consensus	5	32M
6223	995	consensus	3	32M
4933	996	CCC	5	32M
6158	997	consensus	5	32M
1679	998	consensus	7	32M1D
9144	999	consensus	3	32M
9145	1000	consensus	3	32M
9146	1001	C	3	32M
9147	1002	consensus	3	32M
5841	1003	consensus	3	32M
9148	1004	consensus	5	32M
560	1005	consensus	4	32M
8075	1006	consensus	4	32M
9149	1007	consensus	3	32M
9150	1008	consensus	3	32M
5163	1009	consensus	9	32M
9151	1010	G	5	32M
9152	1011	consensus	5	32M
9153	1012	consensus	4	32M
9154	1013	consensus	4	32M
9155	1014	G	3	32M
5703	1015	consensus	3	32M
7813	1016	consensus	4	32M
3087	1017	consensus	4	32M
3086	1018	consensus	6	32M
9156	1019	consensus	3	32M
7345	1020	consensus	6	32M
3312	1021	consensus	5	32M
4841	1022	C	3	32M
3575	1023	consensus	4	32M
1738	1024	consensus	4	32M
995	1025	consensus	7	32M
9157	1026	consensus	5	32M
9158	1027	consensus	3	32M
9159	1028	consensus	5	32M
9160	1029	consensus	3	32M
1933	1030	consensus	4	32M
9161	1031	consensus	3	32M
9162	1032	consensus	6	32M
1348	1033	TA	6	32M
9163	1034	consensus	3	32M
2142	1035	consensus	5	32M
1353	1036	GC	24	32M
9164	1037	consensus	3	32M
9165	1038	consensus	3	32M
9166	1039	consensus	5	32M
862	1040	consensus	3	32M
9167	1041	consensus	4	32M
4	1042	AGGGTGAGCTTTCCGTGCGCANN	17	25M3D2M1D5M2D
3280	1044	consensus	8	32M
987	1045	consensus	3	32M
9168	1046	consensus	5	32M
4992	1047	T	4	32M
9169	1048	consensus	3	32M
5815	1049	consensus	3	32M
1363	1050	consensus	3	32M
9170	1051	consensus	5	32M
5580	1052	consensus	4	32M
9171	1053	consensus	3	32M
9172	1054	consensus	3	32M
5884	1055	consensus	3	32M
594	1056	consensus	3	32M
9173	1057	consensus	7	32M
3185	1058	consensus	3	32M
1636	1059	consensus	4	32M
5035	1060	consensus	5	32M
7737	1061	consensus	4	6M3D26M
9174	1062	consensus	7	32M
9175	1063	consensus	6	32M
9176	1064	consensus	4	32M
487	1065	T	15	32M
898	1066	GAGTGA	8	28M1D4M1D
898	1066	TAGTNG	8	28M1D3M1D1M
9177	1067	consensus	6	32M
4147	1068	consensus	3	32M
9178	1069	consensus	3	32M
9179	1070	A	5	32M
9180	1071	consensus	3	32M
7460	1072	consensus	5	32M
9181	1073	consensus	3	32M
9182	1074	consensus	3	32M
653	1075	consensus	3	32M
9183	1076	consensus	3	32M
9184	1077	T	6	32M
292	1078	consensus	3	32M
9185	1079	consensus	9	32M
9186	1080	consensus	3	32M
4	1081	AGGGTGAGAGCTTGCTGTGNNCT	6	22M1D10M5D
9188	1082	consensus	4	32M
9189	1083	consensus	3	32M
9190	1084	consensus	3	32M
9191	1085	G	3	32M
6877	1086	consensus	5	32M
6576	1087	consensus	3	32M
7804	1088	consensus	3	32M
2734	1089	consensus	5	32M
3246	1090	consensus	4	32M
9192	1092	consensus	5	32M
9193	1093	consensus	4	32M
9194	1094	consensus	6	32M
9195	1095	consensus	3	32M
9196	1096	consensus	4	32M
9197	1097	consensus	4	32M
9198	1098	consensus	5	32M
9199	1099	consensus	5	32M
5656	1100	consensus	3	32M
6140	1101	G	4	33M
9200	1102	consensus	3	32M
9201	1103	consensus	5	32M
9202	1104	consensus	3	32M
3195	1105	consensus	26	6M1D26M
7894	1106	consensus	5	32M
9203	1107	consensus	5	32M
617	1108	consensus	3	32M
5973	1109	consensus	4	32M
7561	1110	consensus	3	32M
9204	1111	consensus	3	32M
9205	1112	consensus	3	32M
7344	1113	consensus	4	32M
9206	1114	consensus	4	32M
6766	1115	consensus	7	32M
1417	1116	consensus	3	32M
6320	1117	consensus	5	32M
9207	1118	consensus	3	32M
3203	1119	consensus	4	26M2D6M
4759	1120	TGCCGCG	2	32M
4759	1120	TTCTGCG	3	32M
676	1121	consensus	3	32M
9209	1122	consensus	4	32M
9210	1123	consensus	4	32M
9211	1124	consensus	4	32M
6832	1125	consensus	4	32M
9212	1126	consensus	4	32M
9213	1127	consensus	5	32M
9214	1128	consensus	3	32M
6873	1129	consensus	5	32M
9215	1130	consensus	3	32M
9216	1131	consensus	3	32M
9217	1132	consensus	7	32M
9218	1133	consensus	3	32M
6263	1134	consensus	3	32M
556	1135	G	13	34M
9219	1136	consensus	3	32M
2649	1137	consensus	4	32M
9220	1138	A	3	32M
9221	1139	consensus	4	32M
5671	1140	consensus	4	32M
5672	1141	consensus	3	32M
9222	1142	consensus	4	32M
9223	1143	consensus	4	32M
9224	1144	consensus	6	32M
1740	1145	TC	10	21M4D11M
941	1146	consensus	24	27M1D5M
9225	1147	consensus	3	32M
9226	1148	consensus	3	32M
9227	1149	consensus	3	32M
448	1150	consensus	6	32M
9228	1151	consensus	5	32M
1419	1152	consensus	3	32M
2458	1153	consensus	5	32M
5979	1154	consensus	3	32M
7920	1155	consensus	5	32M
3813	1156	consensus	3	32M
3418	1157	consensus	6	32M
9229	1158	consensus	3	32M
9230	1159	consensus	4	32M
4170	1160	TCCG	6	32M
9231	1161	consensus	3	32M
9232	1162	consensus	4	32M
9233	1163	consensus	8	32M
9234	1164	consensus	4	32M
5564	1165	consensus	3	32M
1041	1166	consensus	3	32M
9235	1167	consensus	6	32M
9236	1168	consensus	4	32M
3139	1169	A	3	32M
3139	1169	G	4	32M
6480	1170	C	4	32M
4703	1171	consensus	4	32M
7026	1172	consensus	3	32M
4350	1173	consensus	4	32M
9237	1174	consensus	4	32M
9238	1175	G	4	32M
9239	1176	consensus	4	32M
9240	1177	consensus	5	32M
9241	1178	consensus	4	32M
588	1179	consensus	3	32M
9242	1180	consensus	5	32M
9243	1181	consensus	3	32M
9244	1182	consensus	3	32M
4823	1183	T	3	32M
5938	1184	consensus	6	32M
9245	1185	consensus	4	32M
9246	1186	consensus	4	32M
9247	1187	consensus	3	32M
6251	1188	C	4	32M
3265	1189	consensus	3	32M
6559	1190	consensus	3	32M
9248	1191	consensus	3	32M
9249	1192	consensus	5	32M
9250	1193	consensus	3	32M
2292	1194	consensus	3	32M
9251	1195	consensus	4	32M
7955	1196	consensus	3	32M
7391	1197	consensus	4	32M
3553	1198	consensus	3	32M
7839	1199	consensus	3	32M
2359	1200	consensus	6	32M
3217	1201	consensus	4	32M
3924	1202	consensus	8	32M
4562	1203	consensus	3	32M
7435	1204	consensus	3	32M
9252	1205	consensus	3	32M
9253	1206	AG	6	32M
1727	1207	consensus	4	32M
9254	1208	consensus	3	32M
9255	1209	consensus	3	32M
5617	1210	A	4	32M
3404	1211	GG	2	32M
3404	1211	TA	3	32M
915	1212	consensus	3	32M
7022	1213	consensus	6	32M
9256	1214	consensus	3	32M
9257	1215	consensus	3	32M
7225	1216	consensus	5	32M1D
7009	1217	consensus	3	32M
308	1218	T	4	32M
9258	1219	A	5	32M
9259	1220	consensus	3	32M
9260	1221	consensus	5	32M
9261	1222	consensus	3	32M
8387	1223	consensus	3	32M
2708	1224	G	6	32M
9262	1225	consensus	3	32M
4652	1226	consensus	4	32M
1953	1227	consensus	3	32M
9263	1228	consensus	4	32M
9264	1229	consensus	4	32M
986	1230	C	4	32M
9265	1231	consensus	3	32M
2193	1232	consensus	3	32M
9266	1233	consensus	3	32M
2981	1234	consensus	3	32M
9267	1235	consensus	4	32M
9268	1236	consensus	4	32M
9269	1237	consensus	5	32M
9270	1238	consensus	4	32M
9271	1239	consensus	7	32M
9272	1240	consensus	3	32M
3238	1241	consensus	4	32M
4445	1242	consensus	3	32M
4159	1243	consensus	3	32M
9273	1244	consensus	5	32M
9274	1245	consensus	3	32M
9275	1246	consensus	6	32M
9276	1247	consensus	3	32M
9277	1248	consensus	4	32M
9278	1249	consensus	3	32M
3907	1250	consensus	5	32M
9279	1251	consensus	5	32M
3705	1252	consensus	4	32M
9280	1253	consensus	3	32M
1381	1254	AC	12	32M
438	1255	consensus	4	32M
6967	1256	T	5	32M
9281	1257	consensus	3	32M
4124	1258	consensus	6	32M
9282	1259	consensus	4	32M
9283	1260	consensus	3	32M
9284	1261	consensus	3	32M
9285	1262	consensus	3	32M
9286	1263	consensus	3	32M
9287	1264	consensus	4	32M
9288	1265	consensus	3	32M
5236	1266	consensus	3	32M
9289	1267	consensus	5	24M1D8M
1207	1268	consensus	4	32M
9290	1269	consensus	3	32M
9291	1270	consensus	3	32M
9292	1271	consensus	3	32M
9293	1272	consensus	3	32M
9294	1273	consensus	3	32M
9295	1274	consensus	3	32M
9296	1275	consensus	3	32M
5305	1276	consensus	4	32M
9297	1277	consensus	3	32M
9298	1278	consensus	5	32M
7434	1279	consensus	5	32M
9299	1281	consensus	4	32M
9300	1282	consensus	6	32M
9301	1283	consensus	3	32M
9302	1284	consensus	3	32M
9303	1285	consensus	3	32M
9304	1286	consensus	6	32M
9305	1287	A	3	32M
9306	1288	consensus	3	32M
9307	1289	consensus	4	32M
2236	1290	consensus	8	32M
7380	1291	C	3	32M
9308	1292	consensus	4	32M
5092	1293	consensus	4	32M
2027	1294	AATGGGT	3	32M
2027	1294	CATGTGT	7	32M
2013	1295	consensus	9	32M
793	1296	consensus	5	32M
1789	1297	consensus	3	32M
1788	1298	consensus	3	32M
9309	1299	consensus	4	32M
9310	1300	consensus	4	32M
4241	1301	consensus	4	32M
9311	1302	consensus	4	32M
9312	1303	consensus	3	32M
9313	1304	consensus	3	32M
5558	1305	consensus	5	32M
3166	1306	AAA	7	32M
9314	1307	consensus	3	32M
900	1308	consensus	7	32M
745	1309	consensus	4	32M
9315	1310	consensus	3	32M
1500	1311	consensus	3	32M
8173	1312	consensus	5	32M
8200	1313	consensus	3	32M
9316	1314	consensus	3	32M
4877	1315	consensus	3	32M
7306	1316	consensus	3	32M
9317	1317	C	4	32M
1667	1318	consensus	3	32M
23	1319	consensus	3	32M
9318	1320	consensus	4	32M
9319	1321	consensus	6	32M
6178	1322	consensus	5	32M
7387	1323	consensus	3	32M
269	1324	consensus	4	32M
9320	1325	consensus	4	32M
9321	1326	consensus	4	32M
9322	1327	consensus	4	32M
9323	1328	consensus	3	32M
1523	1329	consensus	4	32M
1955	1330	consensus	3	32M
9324	1331	consensus	6	32M
4467	1332	consensus	3	32M
9325	1333	consensus	3	32M
9326	1334	consensus	4	32M
9327	1335	consensus	4	32M
5409	1336	T	5	32M
9328	1337	consensus	3	32M
9329	1338	consensus	3	32M
9330	1339	consensus	3	32M
2816	1340	consensus	3	32M
9331	1341	consensus	3	32M
9332	1342	consensus	5	32M
9333	1343	consensus	3	32M
836	1344	consensus	16	32M1D
3843	1345	TTCCCCTGG	15	32M3D
3843	1345	TTTCCCTGG	15	32M3D
9335	1346	consensus	4	32M
6610	1347	consensus	4	32M
9336	1348	consensus	4	32M
1366	1349	consensus	4	32M
9337	1350	consensus	3	32M
2164	1351	consensus	4	32M
9338	1352	consensus	3	32M
9339	1353	consensus	3	32M
9340	1354	consensus	8	32M
2418	1355	consensus	3	32M
6744	1356	consensus	3	32M
8590	1357	consensus	4	32M
9341	1358	consensus	4	32M
9342	1359	consensus	3	32M
9343	1360	C	3	32M
8311	1361	consensus	4	32M
1292	1362	ACC	24	32M
4133	1363	consensus	6	32M
9344	1364	consensus	6	32M
3886	1365	T	7	32M
5548	1366	C	2	32M
5548	1366	G	3	32M
9345	1367	G	3	32M
9345	1367	T	3	32M
9346	1368	consensus	5	32M
3483	1369	consensus	3	32M
9347	1370	consensus	4	32M
9348	1371	consensus	6	32M
4287	1372	consensus	6	32M
6659	1373	consensus	3	32M
1664	1374	AATA	4	32M
9349	1375	consensus	5	32M
9350	1376	consensus	4	32M
9351	1377	consensus	4	32M
7190	1378	consensus	4	32M
7928	1379	TA	11	32M
8138	1380	consensus	3	32M
4787	1381	consensus	4	32M
2353	1382	ATT	23	32M
5371	1383	consensus	3	32M
3130	1384	consensus	4	32M
9352	1385	consensus	3	32M
3514	1386	consensus	7	32M
9353	1387	consensus	3	32M
1477	1388	CTG	14	32M
9354	1389	consensus	4	32M
9355	1390	consensus	3	32M
9356	1391	consensus	3	32M
9357	1392	consensus	3	32M
4599	1393	consensus	7	32M
9358	1394	consensus	5	32M
9359	1395	consensus	3	32M
9360	1396	consensus	5	32M
1700	1397	consensus	6	32M
9361	1398	consensus	3	32M
6874	1399	consensus	6	32M
9362	1400	consensus	4	32M
1142	1401	GG	4	32M
6857	1402	consensus	4	32M
9363	1403	consensus	3	32M
9364	1404	consensus	3	32M
9365	1405	consensus	3	32M
6283	1406	consensus	3	32M
9366	1407	consensus	3	32M
9367	1408	consensus	3	32M
9368	1409	consensus	4	32M
3269	1410	consensus	3	32M
28	1411	consensus	3	32M
7969	1412	consensus	3	32M
2264	1413	consensus	4	32M
9369	1414	consensus	4	32M
9370	1415	consensus	4	32M
9371	1416	consensus	7	32M
9372	1417	consensus	6	32M
4669	1418	consensus	3	32M
5957	1419	consensus	3	32M
9373	1420	consensus	3	32M
9374	1421	consensus	3	32M
6246	1422	consensus	4	32M
3599	1423	consensus	4	32M
9375	1424	consensus	3	32M
9376	1425	consensus	5	32M
7181	1426	consensus	5	32M
1423	1427	A	9	32M
1423	1427	C	4	32M
9377	1428	consensus	3	32M
9378	1429	consensus	4	32M
9379	1430	consensus	3	32M
9380	1431	T	4	32M
9381	1432	consensus	4	32M
9382	1433	consensus	4	32M
9383	1434	consensus	3	32M
9384	1435	consensus	5	32M
2354	1436	A	5	32M
9385	1438	consensus	3	32M
9386	1439	A	3	32M
4140	1440	consensus	3	32M
9387	1441	consensus	4	34M
2398	1442	T	3	32M
282	1443	consensus	5	32M
9388	1444	consensus	3	32M
2250	1445	consensus	4	32M
2079	1446	C	11	32M3D
9389	1447	consensus	4	32M
9390	1448	consensus	4	32M
1801	1449	consensus	5	32M
4935	1450	consensus	3	32M
4792	1451	consensus	5	32M
3925	1452	consensus	7	32M
9391	1453	consensus	3	32M
9392	1454	consensus	3	32M
9393	1455	consensus	3	32M
9394	1456	consensus	3	32M
9395	1457	consensus	5	32M
9396	1458	consensus	4	32M
2525	1459	consensus	7	32M
9397	1460	consensus	4	32M
9398	1461	consensus	5	32M
9399	1462	consensus	4	32M
9400	1463	G	4	32M
9401	1464	consensus	7	32M
1689	1465	CT	7	32M
4182	1466	TCTCG	10	32M
6836	1467	consensus	4	32M
9402	1468	consensus	3	32M
4126	1469	consensus	3	32M
9403	1470	consensus	3	32M
7015	1471	consensus	3	32M
9404	1472	consensus	4	32M
9405	1473	consensus	3	32M
9406	1474	consensus	3	32M
9407	1475	consensus	3	32M
9408	1476	consensus	4	32M
9409	1477	consensus	3	32M
2703	1478	consensus	4	32M
910	1479	C	6	32M
1309	1480	C	13	32M
9410	1481	consensus	3	32M
2609	1482	consensus	5	32M
9411	1483	C	4	32M
9411	1483	T	3	32M
1167	1484	consensus	7	32M
9412	1485	consensus	3	32M
9413	1486	consensus	4	32M
9414	1487	consensus	3	32M
3868	1488	consensus	6	32M
9415	1489	consensus	3	32M
9416	1490	AT	5	32M
9417	1491	consensus	4	32M
9418	1492	consensus	4	32M
157	1493	consensus	6	28M1D4M
9419	1494	consensus	3	32M
338	1495	consensus	3	32M
9420	1496	consensus	5	32M
9421	1497	consensus	3	32M
9422	1498	consensus	3	32M
9423	1499	consensus	3	32M
913	1500	consensus	3	32M
7841	1501	consensus	3	32M
4399	1502	consensus	3	32M
9424	1503	consensus	4	32M
9425	1504	consensus	7	32M
5447	1505	consensus	3	32M
9426	1506	consensus	3	32M
8105	1507	consensus	4	32M
5027	1508	consensus	3	32M
1123	1509	G	6	32M
9427	1510	consensus	4	32M
9428	1511	consensus	5	32M
516	1512	consensus	4	32M
8224	1513	consensus	6	32M
12421	1514	G	32	28M2D4M
330	1515	consensus	3	32M
172	1516	consensus	6	32M
9429	1517	consensus	4	32M
9430	1518	consensus	4	32M
4697	1519	consensus	3	32M
9431	1520	consensus	5	32M
5483	1521	consensus	3	32M
9432	1522	consensus	3	32M
9433	1523	consensus	3	32M
9434	1524	consensus	3	32M
9435	1525	consensus	6	32M
5251	1526	consensus	4	32M
162	1527	G	3	32M
7811	1528	consensus	6	32M
9436	1529	consensus	4	32M
9437	1530	consensus	4	32M
9438	1531	consensus	4	32M
9439	1532	consensus	5	32M
984	1533	consensus	4	32M
1052	1534	consensus	15	32M
378	1535	AA	10	32M
9440	1536	consensus	4	32M
6362	1537	consensus	3	32M
9441	1538	consensus	4	32M
9442	1539	consensus	4	32M
9443	1540	consensus	3	32M
9444	1541	consensus	3	32M
9445	1542	consensus	5	32M
9446	1543	consensus	3	32M
9447	1544	consensus	3	32M
4033	1545	consensus	4	32M
1797	1546	consensus	5	32M
377	1547	consensus	3	32M
3382	1548	A	8	32M
9448	1549	consensus	3	32M
9449	1550	consensus	7	32M
5739	1551	consensus	4	32M
9450	1552	consensus	3	32M
1703	1553	consensus	4	32M
8521	1554	consensus	4	32M
3264	1555	consensus	4	32M
9451	1556	consensus	4	32M
9452	1557	consensus	3	32M
2372	1558	consensus	4	32M
2371	1559	consensus	7	32M
9453	1560	consensus	3	32M
9454	1561	consensus	4	32M
9455	1562	consensus	3	32M
5709	1563	AAGA	11	32M
6996	1564	C	9	32M2D
6996	1564	T	33	32M2D
9456	1565	consensus	4	32M
9457	1566	consensus	3	32M
9458	1567	consensus	3	32M
9459	1568	consensus	5	32M
9460	1569	consensus	3	32M
1913	1570	consensus	3	32M
9461	1571	consensus	3	32M
9462	1572	consensus	4	32M
9463	1573	G	4	32M
9464	1574	consensus	4	32M
2878	1575	GC	18	33M
9465	1576	consensus	5	32M
1379	1577	consensus	6	32M
9466	1578	consensus	3	32M
2684	1579	A	19	32M
1611	1580	consensus	3	32M
9467	1581	consensus	5	32M
5392	1582	consensus	3	32M
3306	1583	consensus	3	32M
2824	1584	consensus	6	32M
9468	1585	consensus	4	32M
1696	1586	consensus	6	32M
2834	1587	consensus	5	32M
7113	1588	consensus	6	32M
9469	1589	consensus	6	32M
9470	1590	consensus	4	32M
7986	1591	consensus	6	32M
9471	1592	consensus	3	32M
6377	1593	consensus	4	32M
9472	1594	consensus	3	32M
6543	1595	consensus	5	32M
9473	1596	consensus	3	32M
9474	1597	consensus	3	32M
9475	1598	consensus	3	32M
9476	1599	consensus	4	32M
4948	1600	consensus	3	32M
8210	1601	consensus	6	32M
9477	1602	consensus	4	32M
5836	1603	consensus	3	32M
8259	1604	consensus	3	32M
9478	1605	consensus	3	32M
4251	1606	A	3	32M
9479	1607	consensus	3	32M
2642	1608	consensus	3	32M
9480	1609	consensus	5	32M
3357	1610	consensus	3	32M
9481	1611	consensus	4	32M
9482	1612	consensus	3	32M
3800	1613	consensus	6	32M
9483	1614	consensus	4	32M
3114	1615	A	3	32M
9484	1616	consensus	4	32M
9485	1617	consensus	4	32M
9486	1618	consensus	4	32M
9487	1619	consensus	5	32M
9488	1620	consensus	3	32M
2840	1621	consensus	4	32M
9489	1622	consensus	4	32M
244	1623	consensus	4	32M
9490	1624	consensus	3	32M
9491	1625	consensus	3	32M
1105	1626	consensus	5	32M
7660	1627	consensus	5	32M
3596	1628	consensus	3	32M
9492	1629	consensus	4	32M
9493	1630	consensus	3	32M
247	1631	consensus	3	32M
4802	1632	consensus	4	32M
4762	1633	consensus	4	32M
9494	1634	consensus	3	32M
9495	1635	consensus	4	32M
9496	1636	consensus	3	32M
2752	1637	consensus	6	32M
9497	1638	consensus	3	32M
9498	1639	consensus	3	32M
4882	1640	A	8	9M2D23M1D
9499	1641	C	4	32M
9500	1642	consensus	3	32M
2233	1643	consensus	3	32M
1861	1644	consensus	6	32M
2032	1645	consensus	3	32M
9501	1646	consensus	5	32M
442	1647	consensus	4	32M
9502	1648	consensus	3	32M
1568	1649	consensus	15	32M
5435	1650	consensus	4	32M
9503	1651	consensus	3	32M
3332	1652	consensus	10	32M
9504	1653	consensus	3	32M
9505	1654	consensus	3	32M
4788	1655	consensus	5	32M
9506	1656	consensus	3	32M
9507	1657	consensus	5	32M
7161	1658	consensus	3	32M
5075	1659	consensus	3	32M
9508	1660	consensus	4	32M
2387	1661	consensus	3	32M
4293	1662	consensus	6	32M
9509	1663	consensus	3	32M
9510	1664	consensus	4	32M
9511	1665	consensus	3	32M
9512	1666	consensus	4	32M
6204	1667	C	3	32M
7252	1668	consensus	4	32M
9513	1669	consensus	7	32M
2739	1670	consensus	4	32M
9514	1671	consensus	5	32M
3296	1672	consensus	4	32M
9515	1673	consensus	4	32M
7884	1674	TCACTA	10	31M3D4M
8562	1675	consensus	4	32M
9516	1676	consensus	6	32M
9517	1677	consensus	3	32M
9518	1678	consensus	4	32M
9519	1679	consensus	4	32M
9520	1680	A	2	32M
9520	1680	G	3	32M
542	1681	G	5	32M
9521	1682	consensus	3	32M
9522	1683	consensus	3	32M
4862	1684	consensus	5	32M
3531	1685	consensus	3	32M
9523	1686	consensus	3	32M
1135	1687	A	3	32M
9524	1688	consensus	3	32M
8477	1689	consensus	3	32M
9525	1690	consensus	3	32M
8272	1691	consensus	6	32M
9526	1692	consensus	3	32M
9527	1693	consensus	4	32M
9528	1694	consensus	3	32M
9529	1695	C	5	32M
9530	1696	consensus	3	32M
9531	1697	consensus	3	32M
9532	1698	consensus	3	32M
9533	1699	consensus	6	32M
9534	1700	consensus	6	32M
9535	1701	consensus	3	32M
9536	1702	consensus	7	32M
9537	1703	consensus	5	32M
1544	1704	consensus	4	32M
9538	1705	consensus	4	32M
9539	1706	consensus	3	32M
7209	1707	consensus	6	32M
2067	1708	consensus	3	32M
346	1709	consensus	5	32M
9540	1710	consensus	5	32M
7439	1711	consensus	3	32M
304	1712	consensus	3	32M
4024	1713	consensus	3	32M
9541	1714	consensus	3	32M
2558	1715	consensus	7	32M
8483	1716	consensus	4	32M
9542	1717	consensus	3	32M
7469	1719	consensus	4	32M
9544	1720	consensus	3	32M
9545	1721	G	3	32M
4070	1722	consensus	4	32M
3966	1723	consensus	3	32M
186	1724	consensus	4	32M
9546	1725	consensus	3	32M
9547	1726	consensus	3	32M
2075	1727	consensus	3	32M
8067	1728	consensus	7	32M
9548	1729	consensus	6	32M
9549	1730	consensus	3	32M
9550	1731	consensus	5	32M
1620	1732	consensus	5	32M
9551	1733	consensus	3	32M
9552	1734	consensus	3	32M
9553	1735	consensus	3	32M
9554	1736	T	6	32M
9555	1737	consensus	5	32M
7924	1738	CG	3	32M
9556	1739	consensus	3	32M
2502	1740	consensus	9	32M
985	1741	consensus	35	32M
9557	1742	consensus	4	32M
9558	1743	consensus	4	32M
1450	1744	consensus	3	32M
2682	1745	consensus	4	32M
1100	1746	consensus	7	32M
9559	1747	consensus	3	32M
9560	1748	consensus	3	32M
8433	1749	consensus	4	32M
5361	1750	consensus	3	32M
9561	1751	consensus	4	32M
9562	1752	consensus	3	32M
3783	1753	TA	5	32M
9563	1754	consensus	5	32M
7247	1755	consensus	4	32M
9564	1756	consensus	4	32M
6770	1757	consensus	6	32M
9565	1758	consensus	4	32M
9566	1759	consensus	3	32M
9567	1760	consensus	4	32M
9568	1761	consensus	4	32M
5883	1762	consensus	5	32M
6081	1763	consensus	3	32M
9569	1764	consensus	4	32M
9570	1765	consensus	3	32M
9571	1766	consensus	4	32M
9572	1767	consensus	4	32M
2383	1768	consensus	13	32M
5189	1769	C	4	32M
9573	1770	consensus	3	32M
9574	1771	consensus	4	32M
4423	1772	AC	1	32M
4423	1772	AT	3	32M
4423	1772	TC	2	32M
4423	1772	TT	2	32M
9575	1773	consensus	3	32M
6330	1774	consensus	3	32M
9576	1775	consensus	4	32M
6163	1776	consensus	3	32M
9577	1777	consensus	5	32M
9578	1778	consensus	4	32M
9579	1779	consensus	4	32M
9580	1780	consensus	3	32M
2163	1781	consensus	3	32M
7443	1782	consensus	3	32M
6829	1783	consensus	4	32M
9581	1784	consensus	3	32M
9582	1785	consensus	5	32M
9583	1786	consensus	4	32M
9584	1787	consensus	4	32M
9585	1788	consensus	3	32M
9586	1789	consensus	5	32M
9587	1790	consensus	3	32M
7540	1791	consensus	5	32M
9588	1792	consensus	3	32M
2998	1793	consensus	3	32M
9589	1794	C	4	32M
9590	1795	consensus	7	32M
9591	1796	consensus	3	32M
9592	1797	consensus	3	32M
9593	1798	consensus	3	32M
3325	1799	consensus	4	32M
6129	1800	consensus	3	32M
6577	1801	consensus	5	32M
9594	1802	consensus	4	32M
9595	1803	consensus	3	32M
4559	1804	consensus	3	32M
3697	1805	consensus	3	32M
9596	1806	T	3	32M
9597	1807	consensus	3	32M
1866	1808	C	4	32M
9598	1809	consensus	8	32M
256	1810	consensus	4	32M
9599	1811	consensus	3	32M
1318	1812	consensus	3	32M
9600	1813	C	4	32M
9601	1814	consensus	4	32M
9602	1815	consensus	3	32M
9603	1816	consensus	3	32M
8354	1817	consensus	3	32M
9604	1818	consensus	3	32M
9605	1819	consensus	5	32M
9606	1820	consensus	5	32M
5073	1821	consensus	3	32M
4370	1822	consensus	5	32M
9607	1823	consensus	4	32M
5861	1824	consensus	4	32M
9608	1825	consensus	3	32M
3707	1826	consensus	5	32M
2727	1827	consensus	4	32M
9609	1828	consensus	5	32M
9610	1829	consensus	4	32M
1158	1830	consensus	3	32M
9611	1831	consensus	3	32M
9612	1832	consensus	3	32M
9613	1833	consensus	4	32M
6769	1834	A	5	32M
9614	1835	consensus	5	32M
1630	1836	consensus	5	32M
2770	1837	G	4	32M
9615	1838	consensus	3	32M
9616	1839	consensus	4	32M
7592	1840	consensus	3	32M
9617	1841	consensus	4	32M
9618	1842	consensus	4	32M
1259	1843	consensus	4	32M
1402	1844	A	4	32M
2000	1845	consensus	6	32M
2001	1846	consensus	3	32M
8429	1847	G	4	32M
9619	1848	consensus	3	32M
4054	1849	consensus	6	32M
9620	1850	consensus	7	32M
9621	1851	consensus	4	32M
9622	1852	consensus	3	32M
1848	1853	consensus	17	32M
4889	1854	consensus	3	32M
7655	1855	consensus	7	32M
9623	1856	consensus	3	32M
9624	1857	consensus	3	32M
5811	1858	consensus	5	32M
382	1859	consensus	5	32M
9625	1860	consensus	6	32M
7931	1861	consensus	3	32M
9626	1862	consensus	8	32M
9627	1863	consensus	3	32M
9628	1864	consensus	4	32M
4591	1865	C	3	32M
7099	1866	consensus	6	32M
3999	1867	consensus	3	32M
8363	1868	consensus	4	32M
9629	1869	AA	4	32M
9629	1869	GC	3	32M
9630	1870	consensus	3	32M
9631	1871	consensus	3	32M
5541	1872	consensus	3	32M
9632	1873	consensus	5	32M
9633	1874	consensus	5	32M
9634	1875	consensus	6	32M
4694	1876	consensus	4	32M
9635	1877	consensus	4	32M
4548	1878	T	7	32M
4475	1879	consensus	3	32M
6323	1880	consensus	3	32M
7033	1881	consensus	4	32M
5297	1882	CA	4	32M
6387	1883	CA	3	32M
7226	1884	consensus	3	32M
9636	1885	consensus	4	32M
9637	1886	consensus	3	32M
9638	1887	consensus	4	32M
7707	1888	consensus	4	32M
8166	1889	consensus	3	32M
9639	1890	consensus	3	32M
9640	1891	consensus	4	32M
9641	1892	consensus	3	32M
9642	1893	consensus	5	32M
9643	1894	consensus	3	32M
9644	1895	consensus	4	32M
5481	1896	consensus	5	32M
7452	1897	consensus	4	32M
9645	1898	consensus	4	32M
9646	1899	consensus	3	32M
9647	1900	consensus	4	32M
9648	1901	consensus	5	32M
2155	1902	consensus	6	32M
2669	1903	consensus	4	32M
1776	1904	G	3	32M
7276	1905	consensus	3	32M
4087	1906	consensus	4	32M
1046	1907	consensus	3	32M
1280	1908	consensus	3	32M
9649	1909	consensus	3	32M
9650	1910	consensus	4	32M
3167	1911	T	14	28M1D4M3D
9651	1912	consensus	4	32M
400	1913	consensus	4	32M
9652	1914	consensus	3	32M
1843	1915	A	3	21M2D11M
9653	1916	consensus	5	32M
7726	1917	consensus	4	32M
9654	1918	consensus	3	32M
9655	1919	consensus	4	32M
4509	1920	consensus	5	32M
9656	1921	consensus	4	32M
9657	1922	consensus	3	32M
9658	1923	consensus	5	32M
1211	1924	consensus	6	32M
2397	1925	consensus	5	32M
9659	1926	C	3	32M
795	1927	CCC	4	32M
795	1927	GCC	1	32M
795	1927	GTC	8	32M
1798	1928	consensus	11	32M
9660	1929	consensus	3	32M
814	1930	consensus	6	32M
8327	1931	consensus	4	32M
9661	1932	consensus	3	32M
9662	1933	consensus	4	32M
9663	1934	consensus	4	32M
9664	1935	consensus	3	32M
9665	1936	consensus	3	32M
5648	1937	consensus	3	32M
9666	1938	consensus	3	32M
9667	1939	consensus	3	32M
1644	1940	consensus	5	32M
4844	1941	consensus	3	32M
6901	1942	consensus	3	32M
9668	1943	consensus	5	32M
8390	1944	consensus	4	32M
6551	1945	consensus	3	32M
5662	1946	consensus	4	32M
9669	1947	consensus	4	32M
2891	1948	consensus	4	32M
3945	1949	consensus	4	32M
2786	1950	consensus	3	32M
9670	1951	C	3	32M
9671	1952	consensus	4	32M
9672	1953	consensus	4	32M
9673	1954	consensus	3	32M
3075	1955	consensus	4	32M
8415	1956	consensus	4	32M
6805	1957	consensus	7	32M
9674	1958	consensus	3	32M
9675	1959	consensus	4	32M
9676	1960	consensus	3	32M
9677	1961	A	4	32M
5267	1962	consensus	3	32M
6462	1963	consensus	4	32M
9678	1964	consensus	5	32M
9679	1965	consensus	4	32M
9680	1966	consensus	3	32M
772	1967	consensus	8	32M
9681	1968	consensus	4	32M
9682	1969	consensus	7	32M
8444	1970	consensus	5	32M
9683	1971	consensus	4	32M
9684	1972	consensus	4	32M
9685	1973	consensus	3	32M
2899	1974	consensus	5	32M
9686	1975	consensus	3	32M
9687	1976	consensus	3	32M
4270	1977	consensus	4	32M
9688	1978	consensus	3	32M
9689	1979	consensus	4	32M
9690	1980	consensus	3	32M
9691	1981	consensus	5	32M
9692	1982	consensus	3	32M
8252	1983	consensus	3	32M
6386	1984	consensus	3	32M
9693	1985	consensus	3	32M
9694	1986	G	3	32M
9695	1987	consensus	5	32M
6342	1988	consensus	4	32M
9696	1989	consensus	7	32M
9697	1990	consensus	5	32M
934	1991	AC	11	32M
9698	1992	consensus	3	32M
4520	1993	consensus	3	32M
9699	1994	consensus	3	32M
9700	1995	consensus	5	32M
9701	1996	consensus	3	32M
2248	1997	consensus	3	32M
11	1998	G	52	32M
1900	1999	consensus	3	32M
1	2000	CGG	5	33M
9702	2001	C	4	32M
9703	2002	consensus	3	32M
1600	2003	consensus	3	32M
9704	2004	consensus	3	32M
9705	2005	consensus	5	32M
9706	2006	consensus	3	32M
9707	2007	consensus	3	32M
9708	2008	consensus	3	32M
9709	2009	consensus	6	32M
9710	2010	consensus	4	32M
9711	2011	consensus	4	32M
9712	2012	consensus	4	32M
3197	2013	G	16	32M
2470	2014	consensus	3	32M
9713	2015	consensus	3	32M
1833	2016	consensus	4	32M
9714	2017	consensus	5	32M
9715	2018	consensus	3	32M
3214	2019	consensus	4	32M
3962	2020	consensus	3	32M
5480	2021	consensus	4	32M
9716	2022	consensus	4	32M
9717	2023	consensus	4	32M
9718	2024	consensus	3	32M
8256	2025	consensus	6	32M
7352	2026	consensus	6	32M
6514	2027	consensus	4	32M
3712	2028	consensus	3	32M
337	2029	consensus	3	32M
1991	2030	consensus	3	32M
2949	2031	consensus	7	32M
9719	2032	consensus	3	32M
9720	2033	A	3	32M
9720	2033	C	3	32M
3398	2034	consensus	5	32M
2543	2035	consensus	3	32M
1937	2036	consensus	3	32M
2679	2037	consensus	6	32M
9721	2038	consensus	3	32M
9722	2039	consensus	3	32M
9723	2040	consensus	3	32M
1515	2041	consensus	3	32M
9724	2042	AG	3	32M
9724	2042	CG	2	32M
977	2043	consensus	4	32M
929	2044	consensus	4	32M
2074	2045	consensus	6	32M
457	2047	G	5	32M
1554	2048	consensus	5	32M
9725	2049	consensus	3	32M
8040	2050	consensus	3	32M
9726	2051	consensus	3	32M
9727	2052	consensus	6	32M
9728	2053	consensus	3	32M
9729	2054	consensus	5	32M
9730	2055	consensus	4	32M
9731	2056	consensus	4	32M
8092	2057	consensus	3	32M
9732	2058	consensus	5	32M
2006	2059	consensus	4	32M
9733	2060	consensus	3	32M
9734	2061	consensus	3	32M
2053	2062	G	2	32M
2053	2062	T	3	32M
9735	2063	consensus	3	32M
1841	2064	GTT	4	32M
9736	2065	consensus	4	32M
5732	2066	consensus	4	32M
9737	2067	consensus	3	32M
1664	2068	TGCA	7	32M
9738	2069	consensus	4	32M
9739	2070	C	3	32M
9740	2071	A	6	32M
9741	2072	consensus	5	32M
9742	2073	consensus	5	32M
2744	2074	consensus	3	32M
9743	2075	consensus	4	32M
2721	2076	consensus	4	32M
9744	2077	consensus	3	32M
9745	2078	consensus	5	32M
9746	2079	consensus	3	32M
136	2080	consensus	3	32M
9747	2081	consensus	5	32M
9748	2082	consensus	5	32M
9749	2083	consensus	4	32M
9750	2084	consensus	3	32M
6948	2085	consensus	4	32M
5405	2086	C	8	32M
188	2087	consensus	4	32M
9751	2088	consensus	3	32M
9752	2089	consensus	3	32M
9753	2090	consensus	5	32M
3875	2091	consensus	6	34M3D
9754	2092	consensus	4	32M
449	2093	consensus	3	32M
9755	2094	consensus	4	32M
2258	2095	consensus	5	32M
9756	2096	consensus	5	32M
5155	2097	consensus	5	32M
9757	2098	consensus	3	32M
3323	2099	consensus	4	32M
8495	2100	consensus	4	32M
2853	2101	consensus	3	32M
6488	2102	consensus	3	32M
9758	2103	consensus	3	32M
9759	2104	consensus	3	32M
394	2105	consensus	3	32M
1655	2106	consensus	6	32M
9760	2107	consensus	3	32M
9761	2108	C	3	32M
9762	2109	consensus	4	32M
9763	2110	consensus	4	32M
15734	2111	TGA	8	10M4D22M
9764	2112	consensus	3	32M
9765	2113	consensus	5	32M
9766	2114	G	5	32M
9767	2115	consensus	3	32M
9768	2116	consensus	6	32M
9769	2117	consensus	3	32M
1716	2118	consensus	6	32M
9770	2119	consensus	3	32M
9771	2120	consensus	3	32M
9772	2121	consensus	3	32M
1618	2122	consensus	3	32M
9773	2123	consensus	3	32M
948	2124	T	13	32M
3439	2125	consensus	32	28M1D4M
2281	2126	consensus	4	32M
9774	2127	consensus	3	32M
7231	2128	consensus	5	32M
9775	2129	consensus	3	32M
1139	2130	consensus	3	32M
9776	2131	consensus	3	32M
6432	2132	consensus	4	32M
4531	2133	consensus	5	32M
9777	2134	consensus	3	32M
9778	2135	consensus	3	32M
9779	2136	consensus	3	32M
9780	2137	consensus	4	32M
9781	2138	consensus	3	32M
9782	2139	consensus	3	32M
6491	2140	consensus	4	32M
9783	2141	consensus	5	32M
9784	2142	consensus	3	32M
2592	2143	consensus	8	32M
9785	2144	consensus	3	32M
9786	2145	consensus	7	32M
8396	2146	consensus	4	32M
9787	2147	consensus	3	32M
9788	2148	consensus	3	32M
9789	2149	consensus	3	32M
3187	2150	consensus	4	32M
9790	2151	consensus	5	32M
259	2152	consensus	3	32M
9791	2153	consensus	3	32M
9792	2154	consensus	5	32M
9793	2155	TCA	6	32M
9794	2156	consensus	3	32M
9795	2157	A	4	32M
7124	2158	consensus	7	32M
2410	2159	GC	11	32M
5280	2160	TTC	3	32M
5611	2161	consensus	3	32M
7265	2162	consensus	5	32M
5570	2163	A	4	32M
9796	2164	G	3	32M
2976	2165	consensus	3	32M
9797	2166	consensus	3	32M
9798	2167	consensus	3	32M
411	2168	consensus	8	32M
3908	2169	T	5	32M
6357	2170	consensus	3	32M
3840	2171	consensus	7	32M
509	2172	consensus	4	32M
1672	2173	TGT	9	32M
9799	2174	consensus	4	32M
8403	2175	consensus	3	32M
829	2176	consensus	3	32M
9800	2177	consensus	4	32M
2897	2178	consensus	3	32M
6349	2179	consensus	5	32M
2342	2180	consensus	5	32M
6619	2181	consensus	3	32M
9801	2182	consensus	3	32M
9802	2183	consensus	3	32M
4189	2184	consensus	5	32M
9803	2185	consensus	5	32M
9804	2186	consensus	4	32M
9805	2187	consensus	4	32M
5500	2188	consensus	5	32M
9806	2189	consensus	3	32M
5965	2190	consensus	8	32M
9807	2191	consensus	3	32M
9808	2192	consensus	4	32M
9809	2193	consensus	3	32M
4577	2194	consensus	7	32M
9810	2195	consensus	3	32M
2927	2196	consensus	12	8M1D24M
9811	2197	A	5	32M
1619	2198	consensus	3	32M
6813	2199	consensus	3	32M
1161	2200	consensus	3	32M
9812	2201	consensus	5	32M
9813	2202	consensus	5	32M
9814	2203	consensus	3	32M
9815	2204	consensus	6	32M
1157	2205	ACC	18	32M
9816	2206	consensus	5	32M
9817	2207	consensus	3	32M
9818	2208	consensus	3	32M
9819	2209	consensus	4	32M
9820	2210	consensus	5	32M
9821	2211	consensus	3	32M
9822	2212	consensus	3	32M
1182	2213	consensus	4	32M
2393	2214	consensus	4	32M
9823	2215	consensus	3	32M
10	2216	GT	20	32M2D
10	2216	TT	20	32M2D
9824	2217	consensus	3	32M
9825	2218	consensus	5	32M
3894	2219	consensus	5	32M
9826	2220	consensus	4	32M
9827	2221	C	4	32M
9828	2222	consensus	3	32M
9829	2223	consensus	3	32M
9830	2224	consensus	3	32M
5406	2225	CC	5	35M
5406	2225	CG	4	35M
9831	2226	consensus	5	32M
9832	2227	consensus	3	32M
9833	2228	consensus	3	32M
5925	2229	consensus	4	32M
2699	2230	consensus	4	32M
9834	2231	G	3	32M
9835	2232	consensus	3	32M
9836	2233	consensus	3	32M
7755	2234	consensus	4	32M
9837	2235	consensus	3	32M
9838	2236	consensus	3	32M
9839	2237	consensus	5	32M
9840	2238	consensus	5	32M
9841	2239	consensus	3	32M
614	2240	consensus	4	32M
1362	2241	consensus	20	32M
3183	2242	consensus	15	32M
943	2243	consensus	4	32M
7930	2244	consensus	3	32M
9842	2245	consensus	3	32M
9843	2246	consensus	4	32M
4478	2247	G	5	32M
9844	2248	consensus	5	32M
3283	2249	A	6	32M
9845	2250	consensus	3	32M
3808	2251	consensus	4	32M
9846	2252	consensus	6	32M
9847	2253	consensus	4	32M
9848	2254	consensus	3	32M
9849	2255	consensus	5	32M
9850	2256	consensus	3	32M
3978	2257	consensus	3	32M
9851	2258	consensus	4	32M
3033	2259	consensus	4	32M
9852	2260	consensus	3	32M
9853	2261	consensus	3	32M
9854	2262	consensus	3	32M
3184	2263	consensus	4	32M
9855	2264	consensus	3	32M
9856	2265	consensus	4	32M
679	2266	consensus	5	32M
9857	2267	consensus	3	32M
3270	2268	consensus	4	32M
9858	2269	consensus	3	32M
9859	2270	consensus	3	32M
9860	2271	consensus	3	32M
4068	2272	consensus	3	32M
9861	2273	consensus	3	32M
7723	2274	consensus	3	32M
1114	2275	consensus	4	32M
9862	2276	consensus	8	32M
3572	2277	consensus	3	28M1D4M
9863	2278	consensus	3	32M
9864	2279	consensus	5	32M
9865	2280	consensus	4	32M
9866	2281	consensus	4	32M
9867	2282	consensus	3	32M
9868	2283	consensus	3	32M
9869	2284	consensus	3	32M
9870	2285	consensus	3	32M
1536	2286	consensus	3	32M
9871	2287	consensus	3	32M
9872	2288	consensus	4	32M
9873	2289	consensus	3	32M
9874	2290	consensus	5	32M
9875	2291	consensus	3	32M
9876	2292	consensus	5	32M
9877	2293	consensus	5	32M
2108	2294	consensus	5	32M
4789	2295	consensus	3	32M
9878	2296	C	4	32M
9879	2297	consensus	5	32M
6249	2298	consensus	4	32M
9880	2299	consensus	4	32M
9881	2300	G	3	32M
9882	2301	consensus	5	32M
2564	2302	consensus	4	32M
2930	2303	consensus	3	32M
8506	2304	consensus	3	32M
9883	2305	consensus	3	32M
7137	2306	consensus	5	32M
9884	2307	consensus	4	32M
4321	2308	T	4	32M
9885	2309	consensus	3	32M
7896	2310	A	3	32M
9886	2311	consensus	4	32M
2706	2312	consensus	5	32M
2478	2313	consensus	3	32M
9887	2314	consensus	3	32M
9888	2315	consensus	3	32M
1649	2316	consensus	5	32M
6777	2317	consensus	6	32M
524	2318	consensus	6	32M
9889	2319	consensus	4	32M
8355	2320	consensus	4	32M
9890	2321	consensus	3	32M
9891	2322	consensus	3	32M
8348	2323	G	7	32M
2313	2324	consensus	4	32M
9892	2325	consensus	5	32M
9893	2326	consensus	5	32M
2333	2327	consensus	4	32M
9894	2328	consensus	3	32M1D
9895	2329	consensus	4	32M
9896	2330	consensus	6	32M
2112	2331	consensus	4	32M
8164	2332	consensus	4	32M
9897	2333	consensus	3	32M
9898	2334	consensus	4	32M
9899	2335	consensus	4	32M
3116	2336	consensus	5	32M
2756	2337	consensus	4	32M
6289	2338	consensus	4	32M
9900	2339	consensus	3	32M
2566	2340	consensus	6	32M
3322	2341	consensus	5	32M
9901	2342	consensus	5	32M
9902	2343	consensus	3	32M
9903	2344	consensus	3	32M
8250	2345	consensus	3	32M
9904	2346	consensus	3	32M
9905	2347	consensus	4	32M
503	2348	consensus	3	32M
9906	2349	consensus	3	32M
9907	2350	consensus	3	32M
9908	2351	consensus	6	32M
5800	2352	consensus	5	32M
7541	2353	consensus	3	32M
5521	2354	consensus	3	32M
7287	2355	consensus	5	32M
1069	2356	CT	2	32M
1069	2356	GG	3	32M
9909	2357	consensus	3	32M
9910	2358	consensus	4	32M
9911	2359	consensus	5	32M
9912	2360	consensus	3	32M
9913	2361	consensus	3	32M
625	2362	consensus	3	32M
6864	2363	consensus	4	32M
9914	2364	consensus	4	32M
9915	2365	consensus	4	32M
4500	2366	consensus	5	32M
1553	2367	A	5	32M
1553	2367	G	3	32M
9916	2368	consensus	4	32M
3472	2369	consensus	3	32M
2020	2370	consensus	3	32M
9917	2371	consensus	3	32M
1840	2372	consensus	4	32M
2691	2373	consensus	3	32M
7376	2374	consensus	3	32M
9918	2375	consensus	4	32M
299	2376	consensus	3	32M
9919	2377	consensus	3	32M
2710	2378	G	4	32M
3606	2379	consensus	6	32M
3359	2380	consensus	4	32M
9920	2381	C	4	33M
5322	2382	consensus	6	32M
9921	2383	consensus	4	32M
4218	2384	consensus	5	32M
7966	2385	consensus	4	32M
9922	2386	A	5	32M
312	2387	T	6	32M
9923	2388	consensus	3	32M
3803	2389	consensus	3	22M1D10M
9924	2390	CC	6	27M1D5M
9924	2390	TC	6	27M1D5M
9925	2391	consensus	5	32M
9926	2392	consensus	4	33M
6753	2393	consensus	3	32M
9927	2394	consensus	3	32M
4394	2395	consensus	3	32M
9928	2396	consensus	4	32M
4232	2397	consensus	5	32M
6442	2398	T	5	32M
9929	2399	consensus	3	32M
6173	2400	CAAAAAGATA	1	33M
6173	2400	CAAAAAGCTA	2	33M
6173	2400	CAGACAGATA	3	33M
6173	2400	CAGACAGATG	3	33M
6173	2400	CAGACAGCTA	2	33M
9930	2401	consensus	4	32M
9931	2402	consensus	3	32M
9932	2403	consensus	3	32M
3968	2404	consensus	5	32M
600	2405	consensus	3	32M
9933	2406	consensus	4	32M
9934	2407	consensus	3	32M
9935	2408	consensus	4	32M
9936	2409	consensus	6	32M
9937	2410	consensus	6	32M
5476	2411	consensus	6	32M
9938	2412	consensus	3	32M
6399	2413	consensus	4	32M
1607	2414	consensus	3	32M
9939	2415	consensus	3	32M
9940	2416	consensus	5	32M
6426	2417	AA	3	32M
9941	2418	consensus	4	32M
6023	2419	consensus	3	32M
9942	2420	consensus	4	32M
1616	2421	T	6	32M
580	2422	consensus	3	32M
9943	2423	consensus	3	32M
279	2424	GG	6	32M
3898	2425	consensus	4	32M
9944	2426	consensus	3	32M
9945	2427	consensus	7	32M
9946	2428	consensus	3	32M
9947	2429	G	4	32M
9948	2430	consensus	4	32M
9949	2431	consensus	4	32M
8071	2432	consensus	3	32M
9950	2433	consensus	3	32M
9951	2434	consensus	3	32M
3036	2435	consensus	3	32M
9952	2436	G	3	32M
9953	2437	consensus	3	32M
3469	2438	consensus	3	32M
9954	2439	consensus	4	32M
5780	2440	consensus	6	32M
9955	2441	consensus	3	32M
9956	2442	consensus	4	32M
9957	2443	consensus	3	32M
3735	2444	G	3	32M
7831	2445	consensus	5	32M
9958	2446	consensus	5	32M
9959	2447	consensus	4	32M
9960	2448	consensus	3	32M
9961	2449	consensus	3	32M
9962	2450	consensus	3	32M
9963	2451	consensus	6	32M
1912	2452	consensus	3	32M
5771	2453	G	4	32M
9964	2454	consensus	3	32M
9965	2455	consensus	3	32M
9966	2456	consensus	3	32M
8018	2457	A	3	32M
9967	2458	consensus	4	32M
3158	2459	consensus	5	32M
9968	2460	consensus	4	32M
2522	2461	consensus	6	32M
7304	2462	consensus	6	32M
9969	2464	consensus	4	32M
9970	2465	consensus	3	32M
9971	2466	consensus	4	32M
9972	2467	consensus	3	32M
9973	2468	consensus	3	32M
9974	2469	consensus	3	32M
8	2470	GACC	58	22M1D10M1D
2065	2471	consensus	3	32M
9975	2472	consensus	3	32M
9976	2473	consensus	7	32M
9977	2474	consensus	3	32M
9978	2475	consensus	3	32M
9979	2476	consensus	3	32M
7515	2477	consensus	4	32M
2190	2478	consensus	5	32M
3549	2479	consensus	4	32M
2438	2480	consensus	3	32M
9980	2481	consensus	3	32M
5790	2482	consensus	4	32M
4851	2483	consensus	5	32M
9981	2484	consensus	3	32M
9982	2485	consensus	7	32M
621	2486	consensus	4	32M
9983	2487	consensus	4	32M
9984	2488	consensus	3	32M1D
1068	2489	consensus	5	32M
9985	2490	consensus	3	32M
9986	2491	consensus	4	32M
5865	2492	A	3	32M
3445	2493	consensus	4	32M
9987	2495	consensus	3	32M
9988	2496	consensus	4	32M
9989	2497	consensus	3	32M
9990	2498	consensus	4	32M
9991	2499	consensus	3	32M
9992	2500	consensus	3	32M
9993	2501	C	3	32M
9994	2502	G	4	32M
9995	2503	consensus	3	32M
5631	2504	consensus	3	32M
9996	2505	consensus	3	32M
4097	2506	consensus	3	32M
9997	2507	A	3	32M
9998	2508	consensus	4	32M
2623	2509	consensus	7	32M
9999	2510	consensus	3	32M
10000	2511	consensus	4	32M
10001	2512	consensus	4	32M
613	2513	consensus	3	32M
10002	2514	consensus	3	32M
10003	2515	consensus	3	32M
6031	2516	consensus	4	32M
10004	2517	G	4	32M
10005	2518	consensus	5	32M
403	2519	C	3	32M
403	2519	G	2	32M
7395	2520	consensus	6	32M
10006	2521	consensus	3	32M
10007	2522	consensus	4	32M
10008	2523	consensus	4	32M
10009	2524	consensus	3	32M
2110	2525	GG	6	32M
2936	2526	consensus	3	32M
7098	2527	consensus	4	32M
1579	2528	consensus	4	32M
3123	2529	consensus	3	32M
385	2530	consensus	3	32M
10010	2531	consensus	6	32M
2184	2532	C	3	32M1D
10011	2533	consensus	4	32M
10012	2534	consensus	4	32M
10013	2535	consensus	4	32M
3988	2536	consensus	3	32M
3623	2537	A	4	32M
10014	2538	consensus	4	32M
10015	2539	consensus	4	32M
10016	2540	consensus	4	32M
10017	2541	consensus	5	32M
10018	2542	consensus	3	32M
10019	2543	consensus	5	32M
10020	2544	consensus	3	32M
10021	2545	consensus	3	32M
6100	2546	consensus	3	32M
10022	2547	consensus	3	32M
10023	2548	C	3	32M
2198	2549	consensus	8	32M
1483	2550	G	6	32M
3696	2551	consensus	3	32M
489	2552	consensus	5	32M
10024	2553	consensus	3	32M
3524	2554	consensus	3	32M
6571	2555	consensus	3	32M
10025	2556	consensus	3	32M
1476	2557	consensus	4	32M
6828	2558	consensus	3	32M
864	2559	consensus	6	28M1D4M
5395	2560	consensus	4	32M
4385	2561	consensus	3	32M
10026	2562	consensus	3	32M
6049	2563	consensus	5	32M
2730	2564	A	4	29M2D5M1D
10027	2565	consensus	3	32M
881	2566	C	8	32M
10028	2567	consensus	6	32M
10029	2568	consensus	4	32M
10030	2569	consensus	4	32M
7505	2570	consensus	3	32M
10031	2571	consensus	3	32M
10032	2572	consensus	4	32M
10033	2573	consensus	3	32M
712	2574	consensus	7	32M
10034	2575	AC	4	27M3D5M
10034	2575	GA	3	27M3D5M
10035	2576	consensus	3	32M
10036	2577	consensus	4	32M
10037	2578	consensus	3	32M
10038	2579	consensus	4	32M
2338	2580	consensus	3	32M
1340	2581	GC	6	32M
10039	2582	consensus	5	32M
5870	2583	consensus	4	32M
10040	2584	consensus	3	32M
6952	2585	consensus	4	32M
10041	2586	consensus	3	32M
10042	2587	consensus	3	32M
284	2588	consensus	3	32M
10043	2589	consensus	3	32M
3147	2591	consensus	4	32M
4513	2592	consensus	3	32M
10044	2593	consensus	3	32M
10045	2594	CCATT	3	32M
10045	2594	CCGTT	2	32M
10045	2594	CTGTT	3	32M
10046	2595	consensus	4	32M
10047	2596	consensus	3	32M
10048	2597	consensus	7	32M
10049	2598	consensus	3	32M
10050	2599	consensus	5	32M
10051	2600	G	3	32M
10052	2601	consensus	3	32M
10053	2602	consensus	4	32M
10054	2603	consensus	3	32M
3216	2604	consensus	3	32M
10055	2605	consensus	4	32M
10056	2606	consensus	6	32M
10057	2607	consensus	3	32M
7454	2608	consensus	3	32M
4354	2609	C	3	32M
10058	2610	consensus	3	32M
10059	2611	consensus	6	32M
4082	2612	consensus	5	32M
5360	2613	consensus	4	32M
10060	2614	consensus	3	32M
99	2615	consensus	5	32M
10061	2616	consensus	4	32M
7436	2617	consensus	5	32M
10062	2618	consensus	3	32M
10063	2619	consensus	3	32M
91	2620	C	4	32M
91	2620	G	3	32M
10064	2621	A	5	32M
10065	2622	consensus	3	32M
10066	2623	consensus	4	32M
10067	2624	consensus	3	32M
10068	2625	consensus	3	32M
8326	2626	consensus	6	32M
3462	2627	consensus	4	32M
2496	2628	consensus	3	32M
1867	2629	consensus	3	32M
10069	2630	consensus	3	32M
10070	2631	consensus	4	32M
3468	2632	consensus	5	32M
3416	2633	consensus	3	32M
5702	2634	consensus	3	32M
3642	2635	GA	4	32M
10071	2636	consensus	3	32M
10072	2637	consensus	4	32M
10073	2638	consensus	3	32M
3878	2639	consensus	4	32M
10074	2640	consensus	3	32M
7127	2641	consensus	3	32M
265	2642	consensus	4	32M
10075	2643	consensus	4	32M
518	2644	consensus	5	32M
5126	2645	consensus	6	32M
1254	2646	consensus	3	32M
10076	2647	consensus	5	32M
927	2648	consensus	4	32M
6638	2649	consensus	3	32M
10077	2650	consensus	8	32M
10078	2651	consensus	4	32M
1253	2652	consensus	17	32M
10079	2653	consensus	3	32M
10080	2654	consensus	4	32M
10081	2655	consensus	3	32M
10082	2656	consensus	3	32M
10083	2657	consensus	4	32M
10084	2658	consensus	3	32M
10085	2659	consensus	4	32M
10086	2660	consensus	4	32M
4637	2661	consensus	4	32M
10087	2662	consensus	3	32M
10088	2663	consensus	4	32M
10089	2664	consensus	4	32M
2118	2665	consensus	4	32M
3971	2666	consensus	4	32M
5556	2667	A	4	32M
10090	2668	consensus	5	32M
10091	2669	consensus	5	32M
6143	2670	consensus	5	32M
8096	2671	consensus	3	32M
10092	2672	consensus	4	32M
10093	2673	consensus	4	32M
10094	2674	consensus	3	32M
618	2675	consensus	4	32M
10095	2676	consensus	3	32M
10096	2677	consensus	5	32M
10097	2678	consensus	3	32M
7709	2679	consensus	3	32M
10098	2680	A	3	32M
10099	2681	consensus	3	32M
10100	2682	consensus	4	32M
4452	2683	consensus	3	32M
2782	2684	consensus	5	32M
6749	2685	consensus	4	32M
10101	2686	consensus	4	32M
1116	2687	ATA	6	32M
1116	2687	CTA	3	32M
10102	2688	consensus	3	32M
5110	2689	CCN	8	25M1D7M
3784	2690	T	6	32M
7221	2691	consensus	3	32M
6510	2692	consensus	3	32M
10103	2693	consensus	3	32M
10104	2694	consensus	4	32M
8488	2695	consensus	4	32M
1921	2696	consensus	4	32M
10105	2697	consensus	4	32M
8248	2698	consensus	5	32M
3896	2699	consensus	7	32M
10106	2700	consensus	3	32M
10107	2701	C	4	32M
10108	2702	consensus	4	32M
2290	2703	consensus	3	32M
1463	2704	TC	31	32M
10109	2705	consensus	3	32M
10110	2706	consensus	3	32M
10111	2707	consensus	6	32M
10112	2708	consensus	3	32M
10113	2709	AA	7	32M
7160	2710	consensus	4	32M
4886	2711	consensus	3	32M
6286	2712	consensus	3	32M
10114	2713	consensus	5	32M
10115	2714	consensus	9	32M
10116	2715	consensus	6	32M
10117	2716	consensus	4	32M
10118	2717	consensus	3	32M
2025	2718	consensus	3	32M
2026	2719	consensus	3	32M
10119	2720	G	3	32M
4866	2721	consensus	4	32M
10120	2722	consensus	5	32M
10121	2723	consensus	5	32M
5258	2724	consensus	4	32M
10122	2725	consensus	3	32M
6511	2726	consensus	3	32M
10123	2727	consensus	3	32M
10124	2728	consensus	4	32M
2395	2729	consensus	4	32M
10125	2730	consensus	3	32M
6164	2731	consensus	3	32M
10126	2732	consensus	4	32M
2552	2733	consensus	4	32M
10127	2734	consensus	7	32M
10128	2735	consensus	3	32M
6045	2736	C	4	32M
10129	2737	consensus	3	32M
10130	2738	consensus	4	32M
10131	2739	consensus	4	32M
7405	2740	consensus	5	32M
7406	2741	consensus	5	32M
561	2742	consensus	5	32M
644	2743	G	4	32M
10132	2744	consensus	6	32M
2363	2745	consensus	3	32M
10133	2746	C	3	32M
10134	2747	consensus	3	32M
10135	2748	consensus	4	32M
8132	2749	consensus	4	32M
10136	2750	consensus	3	32M
10137	2751	consensus	3	32M
10138	2752	consensus	5	32M
10139	2753	consensus	4	32M
10140	2754	consensus	3	32M
10141	2755	consensus	4	32M
5717	2756	consensus	3	32M
10142	2757	consensus	6	32M
10143	2758	consensus	3	32M
298	2759	consensus	3	32M
1446	2760	consensus	3	32M
7962	2761	consensus	3	32M
7963	2762	consensus	4	32M
10144	2763	consensus	3	32M
5893	2764	CA	8	29M2D3M
2857	2765	consensus	4	32M
5625	2766	consensus	3	32M
10145	2767	consensus	3	32M
4512	2768	A	4	32M
10146	2769	consensus	3	32M
1358	2770	consensus	4	32M
3679	2771	T	4	32M
3044	2772	consensus	3	32M
2904	2773	consensus	3	32M
7988	2774	consensus	5	32M
10147	2775	G	5	32M
10148	2776	consensus	3	32M
10149	2777	consensus	4	32M
2117	2778	consensus	5	32M
10150	2779	consensus	5	33M
10151	2780	consensus	4	32M
10152	2781	consensus	5	32M
6644	2782	consensus	5	32M
1361	2783	consensus	4	32M
850	2784	consensus	3	32M
1862	2785	consensus	5	32M
10153	2786	consensus	4	32M
358	2787	consensus	5	32M
6218	2788	consensus	3	32M
1693	2789	consensus	3	32M
7734	2790	consensus	4	32M
657	2791	consensus	4	32M
10154	2792	consensus	4	32M
10155	2793	consensus	5	32M
2232	2794	consensus	3	32M
10156	2795	consensus	3	32M
10157	2796	consensus	3	32M
2276	2797	CG	4	32M
1021	2798	consensus	4	32M
10158	2799	consensus	6	32M
10159	2800	consensus	5	32M
10160	2801	consensus	3	32M
5571	2802	consensus	3	32M
114	2803	consensus	3	32M
7546	2804	consensus	3	32M
10161	2805	consensus	7	32M
10162	2806	consensus	6	32M
10163	2807	TCTAACT	3	32M2D
2492	2808	C	3	32M
4381	2809	TAGG	30	11M1D21M
10164	2810	consensus	3	32M
10165	2811	G	3	32M
10165	2811	T	2	32M
10166	2812	consensus	5	32M
8236	2813	consensus	3	32M
10167	2814	consensus	3	32M
6649	2815	consensus	4	32M
1796	2816	consensus	4	32M
4588	2817	consensus	6	32M
6746	2818	consensus	4	32M
2028	2819	consensus	3	32M
10168	2820	consensus	4	32M
763	2821	consensus	3	32M
4003	2822	consensus	3	32M
5565	2823	consensus	5	32M
3918	2824	consensus	6	32M
8042	2825	consensus	3	32M
10169	2826	consensus	4	32M
10170	2827	consensus	6	32M
10171	2828	consensus	7	32M
10172	2829	consensus	6	32M
10173	2830	consensus	4	32M
10174	2831	consensus	4	32M
10175	2832	consensus	3	32M
6217	2833	consensus	4	32M
10176	2834	consensus	3	32M
547	2835	consensus	4	32M
10177	2836	consensus	4	32M
8001	2837	C	8	32M
4523	2838	A	2	32M
4523	2838	G	3	32M
3321	2839	consensus	7	32M
10178	2840	consensus	7	32M
5227	2841	consensus	3	32M
2460	2842	consensus	4	32M
10179	2843	consensus	3	32M
6078	2844	consensus	6	32M
1062	2845	AT	15	28M1D5M
1062	2845	TT	15	28M1D5M
10180	2846	consensus	4	32M
10181	2847	consensus	8	32M
7125	2848	consensus	6	32M
6243	2849	consensus	4	32M
10182	2850	consensus	6	32M
10183	2851	consensus	5	32M
10184	2852	consensus	3	32M
10185	2853	consensus	3	32M
10186	2854	consensus	3	32M
6609	2855	consensus	5	32M
8073	2856	consensus	3	32M
10187	2857	consensus	5	32M
10188	2858	consensus	5	32M
2990	2859	consensus	3	32M
10189	2860	consensus	3	32M
10190	2861	consensus	3	32M
5166	2862	consensus	5	32M
611	2863	C	4	32M
10191	2864	consensus	3	32M
10192	2865	consensus	3	32M
3884	2866	consensus	3	32M
10193	2867	consensus	3	32M
10194	2868	consensus	4	32M
10195	2869	consensus	3	32M
10196	2870	consensus	3	32M
10197	2871	consensus	3	32M
10198	2872	consensus	3	32M
10199	2873	consensus	7	32M
1654	2874	C	4	32M
10200	2875	consensus	3	32M
10201	2876	consensus	3	32M
10202	2877	consensus	5	32M
10203	2878	consensus	4	32M
3890	2879	consensus	3	32M
2871	2880	G	2	32M
2871	2880	T	3	32M
10204	2881	T	3	32M
10205	2882	consensus	5	32M
10206	2883	consensus	3	32M
686	2884	consensus	4	32M
4113	2885	consensus	3	32M
10207	2886	consensus	5	32M
10208	2887	consensus	3	32M
10209	2888	consensus	3	32M
2792	2889	consensus	9	32M
1775	2890	consensus	3	32M
4085	2891	G	3	32M
4085	2891	T	2	32M
10210	2892	consensus	3	32M
3802	2893	consensus	3	32M
10211	2894	consensus	3	32M
1491	2895	consensus	4	32M
6452	2896	consensus	3	32M
10212	2897	consensus	3	32M
2948	2898	GCA	7	32M1D
2948	2898	GCT	7	32M1D
2948	2898	TCA	7	32M1D
10213	2899	consensus	3	32M
10214	2900	consensus	5	32M
529	2901	consensus	29	32M
4391	2902	C	4	32M
10215	2903	consensus	3	32M
10216	2904	consensus	4	32M
10217	2905	consensus	3	32M
5390	2906	GACG	3	32M
8115	2907	consensus	5	32M
10218	2908	consensus	4	32M
10219	2909	consensus	3	32M
10220	2910	consensus	4	32M
2885	2911	consensus	3	32M
3954	2912	consensus	4	32M
10221	2913	consensus	4	32M
10222	2914	consensus	3	32M
10223	2915	consensus	3	32M
2113	2916	C	3	32M
8605	2917	consensus	3	32M
117	2918	G	3	32M
10224	2919	consensus	4	32M
10225	2920	consensus	3	32M
1370	2921	consensus	4	32M
3755	2922	consensus	6	32M
4842	2923	consensus	7	32M
3554	2924	C	4	32M
3529	2925	consensus	3	32M
2402	2926	consensus	4	32M
10226	2927	consensus	3	32M
10227	2928	consensus	3	32M
10228	2929	consensus	4	32M
1217	2930	consensus	4	32M
3775	2931	consensus	4	33M
10229	2932	consensus	3	32M
1590	2933	consensus	5	32M
2277	2934	consensus	3	32M
798	2935	consensus	4	32M
3440	2936	consensus	4	32M
10230	2937	consensus	4	32M
4060	2938	consensus	3	32M
4757	2939	consensus	6	32M
7369	2940	consensus	4	32M
7507	2941	consensus	5	32M
2701	2942	consensus	4	32M
10231	2943	consensus	5	32M
3985	2944	consensus	4	32M
8245	2945	consensus	3	32M
1958	2946	consensus	3	32M
10232	2947	consensus	4	32M
10233	2948	consensus	4	32M
325	2949	consensus	5	32M
10234	2950	consensus	3	32M
853	2951	consensus	6	32M
2209	2952	consensus	3	32M
10235	2953	consensus	6	32M
10236	2954	consensus	3	32M
3208	2955	GTGC	4	32M
10238	2956	consensus	4	32M
1661	2957	consensus	3	32M
2488	2958	consensus	4	32M
7320	2959	consensus	5	32M
10239	2960	consensus	3	32M
10240	2961	consensus	3	32M
10241	2962	consensus	3	32M
1124	2963	CAT	45	28M1D4M
7953	2964	consensus	3	32M
2004	2965	consensus	5	32M
6848	2966	consensus	4	32M
5173	2967	consensus	4	32M
10242	2968	consensus	3	32M
2501	2969	consensus	5	32M
10243	2970	consensus	4	32M
6999	2971	consensus	4	32M
4222	2972	consensus	3	32M
6151	2973	consensus	3	32M
10244	2974	consensus	6	32M
10245	2975	consensus	7	32M
135	2976	consensus	3	32M
10246	2977	G	3	32M
10247	2978	consensus	4	32M
912	2979	consensus	6	32M
10248	2980	consensus	4	32M
5260	2981	consensus	3	32M
6007	2982	T	3	32M
3517	2983	consensus	4	32M
3083	2984	consensus	4	32M
10249	2985	G	3	32M
849	2986	consensus	3	32M
8148	2987	consensus	4	32M
10250	2988	consensus	4	32M
10251	2989	G	2	34M
10251	2989	T	3	34M
10252	2990	T	6	32M
10253	2991	consensus	3	32M
10254	2992	consensus	3	32M
5209	2993	consensus	3	32M
10255	2994	consensus	4	32M
10256	2995	consensus	3	32M
10257	2996	consensus	3	32M
8083	2997	consensus	4	32M
10258	2998	consensus	3	32M
10259	2999	consensus	3	32M
5814	3000	consensus	3	32M
10260	3001	consensus	4	32M
4162	3002	consensus	4	32M
10261	3003	consensus	3	32M
10262	3004	consensus	3	32M
10263	3005	consensus	5	32M
10264	3006	consensus	4	32M
10265	3007	consensus	3	32M
526	3008	TTATTCA	4	32M
526	3008	TTTTCCA	3	32M
10266	3009	T	3	32M
2437	3010	G	3	32M
1076	3011	consensus	4	32M
7601	3012	A	2	32M
7601	3012	C	3	32M
10267	3013	consensus	3	32M
1768	3014	consensus	4	32M
7798	3015	consensus	7	32M
10268	3016	consensus	4	32M
10269	3017	consensus	5	32M
10270	3018	consensus	3	32M
10271	3019	consensus	4	32M
10272	3020	consensus	4	32M
10273	3021	consensus	3	32M
4186	3022	consensus	3	32M
2969	3023	C	8	32M
10274	3024	consensus	5	32M1D
10275	3025	consensus	3	32M
10276	3026	consensus	3	32M
51	3027	G	4	32M
7549	3028	consensus	3	32M
3538	3029	consensus	3	32M
3995	3030	consensus	4	32M
7489	3031	consensus	5	32M
6705	3032	consensus	7	32M
3232	3033	consensus	5	32M
752	3034	consensus	3	32M
10277	3035	consensus	3	32M
10278	3036	consensus	4	32M
10279	3037	consensus	3	32M
10280	3038	consensus	4	32M
10281	3039	consensus	3	32M
10282	3040	consensus	3	32M
6923	3041	consensus	4	32M
7359	3042	consensus	3	32M
3728	3043	consensus	4	32M
10283	3044	consensus	3	32M
1944	3045	consensus	4	32M
10284	3046	G	5	32M
10285	3047	consensus	3	32M
10286	3048	consensus	3	32M
555	3049	consensus	4	32M
7672	3050	consensus	3	32M
5016	3051	consensus	4	32M
4497	3052	consensus	3	32M
2432	3053	consensus	4	32M
2606	3054	consensus	3	32M
7714	3055	consensus	9	32M
2908	3056	consensus	3	32M
10287	3057	consensus	4	32M
10288	3058	consensus	3	32M
2545	3059	consensus	3	32M
2546	3060	consensus	4	32M
10289	3061	consensus	3	32M
459	3062	consensus	3	32M
10290	3063	consensus	4	32M
10291	3064	consensus	4	32M
10292	3065	consensus	3	32M
6099	3066	consensus	9	32M
10293	3067	consensus	4	32M
10294	3068	consensus	3	32M
10295	3069	consensus	3	32M
10296	3070	consensus	3	32M
870	3071	consensus	5	32M
10297	3072	CA	3	32M
10297	3072	CT	2	32M
2593	3073	consensus	7	32M
4570	3074	T	4	32M
4298	3075	A	4	32M
10298	3076	consensus	3	32M
1390	3077	consensus	4	32M
1459	3078	consensus	5	32M
3511	3079	consensus	3	32M
1889	3080	consensus	3	32M
3295	3081	consensus	4	32M
10299	3082	consensus	3	32M
10300	3083	consensus	3	32M
10301	3084	consensus	5	32M
5874	3085	consensus	3	32M
10302	3086	consensus	3	32M
10303	3087	consensus	3	32M
6884	3088	consensus	5	32M
10304	3089	consensus	3	32M
6865	3090	consensus	4	32M
2068	3091	consensus	4	32M
10305	3092	consensus	4	32M
10306	3093	consensus	3	32M
10307	3094	consensus	4	32M
10308	3095	consensus	3	32M
10309	3096	consensus	3	32M
4038	3097	consensus	3	32M
3590	3098	consensus	3	32M
8448	3099	consensus	3	32M
10310	3100	consensus	3	32M
8156	3101	consensus	4	32M
10311	3102	consensus	5	32M
10312	3103	consensus	3	32M
6607	3104	consensus	3	32M
10313	3105	consensus	5	32M
3367	3106	consensus	5	32M
1230	3107	TG	7	13M2D21M
10314	3108	C	5	32M
36	3109	consensus	3	32M
10315	3110	consensus	3	32M
10316	3111	consensus	3	32M
10317	3112	consensus	4	32M
3221	3113	consensus	6	32M
10318	3114	consensus	3	32M
10319	3115	consensus	5	32M
2206	3116	A	3	32M
2898	3117	GGG	5	32M
10321	3118	consensus	3	32M
10322	3119	consensus	5	32M
10323	3120	consensus	3	32M
10324	3121	consensus	4	32M
6761	3122	G	2	32M
6761	3122	T	3	32M
10325	3123	consensus	4	32M
10326	3124	consensus	3	32M
10327	3125	consensus	6	32M
10328	3126	consensus	3	32M
10329	3127	consensus	3	32M
7583	3128	consensus	4	32M
10330	3129	consensus	3	32M
4179	3130	consensus	3	32M
10331	3131	consensus	3	32M
10332	3132	consensus	3	32M
10333	3133	consensus	3	32M
10334	3134	consensus	4	32M
10335	3135	consensus	3	32M
10336	3136	consensus	4	32M
577	3137	consensus	3	32M
10337	3138	consensus	3	32M
10338	3139	consensus	3	32M
10339	3140	consensus	5	32M
10340	3141	consensus	4	32M
10341	3142	consensus	3	32M
10342	3143	consensus	3	32M
2111	3144	consensus	4	32M
10343	3145	consensus	3	32M
1185	3146	consensus	5	32M
8118	3147	consensus	4	32M
8458	3148	consensus	3	32M
10344	3149	consensus	4	32M
3149	3150	consensus	4	32M
7865	3151	consensus	4	32M
10345	3152	consensus	4	32M
7341	3153	consensus	3	32M
10346	3154	consensus	3	32M
8360	3155	consensus	3	32M
6690	3156	consensus	3	32M
3855	3157	consensus	3	32M
10347	3158	consensus	3	32M
10348	3159	consensus	3	32M
7331	3160	consensus	4	32M
10349	3161	consensus	3	32M
8275	3162	consensus	3	32M
10350	3163	consensus	3	32M
1056	3164	consensus	3	32M1D
5351	3165	consensus	3	32M
10351	3166	consensus	5	32M
10352	3167	consensus	4	32M
1414	3168	consensus	4	32M
10353	3169	consensus	6	34M
2447	3170	G	3	32M
10354	3171	consensus	4	32M
10355	3172	consensus	3	32M
141	3173	consensus	3	32M2D
10356	3174	consensus	3	32M
3874	3175	consensus	4	32M
10357	3176	consensus	3	32M
10358	3177	consensus	3	32M
10359	3178	consensus	3	32M
1458	3179	consensus	16	32M
10360	3180	consensus	3	32M
5451	3181	consensus	3	32M
10361	3182	AGGT	2	32M
10361	3182	CTAC	3	32M
1334	3183	C	4	32M
10362	3184	consensus	4	32M
10363	3185	consensus	6	32M
7057	3186	C	3	32M
10364	3187	consensus	4	32M
10365	3188	consensus	4	32M
1540	3189	consensus	3	32M
3930	3190	consensus	3	32M
10366	3191	consensus	6	32M
2147	3192	consensus	3	32M
2146	3193	consensus	4	32M
2886	3194	consensus	3	32M
1525	3195	consensus	3	32M
4779	3196	consensus	3	32M
1063	3197	consensus	3	32M
7759	3198	consensus	4	32M
8439	3199	A	3	32M
8439	3199	T	4	32M
10367	3200	consensus	5	32M
10368	3201	consensus	3	32M
1559	3202	consensus	4	32M
3837	3203	consensus	5	32M
10369	3204	consensus	4	32M
10370	3205	consensus	3	32M
4405	3206	C	4	32M
10371	3207	consensus	3	32M
10372	3208	consensus	3	32M
2523	3209	A	6	19M3D13M
1233	3210	consensus	4	32M
10373	3211	consensus	5	32M
1542	3212	consensus	3	32M
10374	3213	consensus	4	32M
10375	3214	consensus	4	32M
354	3215	consensus	4	32M
10376	3216	consensus	4	32M
3208	3217	AGAA	4	32M
10377	3218	consensus	3	32M
10378	3219	CG	8	32M
10378	3219	CT	4	32M
8198	3220	consensus	3	32M
3877	3221	G	3	32M
10379	3222	consensus	4	32M
10380	3223	consensus	4	32M
5248	3224	consensus	3	32M
10381	3225	consensus	3	32M
1827	3226	CGC	12	32M
10382	3227	A	5	32M
10383	3228	consensus	5	32M
10384	3229	consensus	4	32M
10385	3230	consensus	6	32M
10386	3231	consensus	3	32M
3573	3232	consensus	3	32M
10387	3233	consensus	3	32M
10388	3234	consensus	3	32M
10389	3235	consensus	4	32M
10390	3236	consensus	5	32M
10391	3237	consensus	4	32M
10392	3238	consensus	3	32M
10393	3239	consensus	3	32M
10394	3240	consensus	3	32M
7004	3241	consensus	4	32M
3118	3242	consensus	3	32M
5837	3243	consensus	4	32M
3237	3244	consensus	3	32M
10395	3245	consensus	6	32M
2429	3246	consensus	5	32M
10396	3247	consensus	5	32M
10397	3248	consensus	3	32M
4253	3249	consensus	5	32M
5160	3250	consensus	4	32M
10398	3251	consensus	5	32M
5623	3252	consensus	3	32M
10399	3253	consensus	3	32M
3011	3254	consensus	3	32M
1117	3255	consensus	4	32M
10400	3256	T	5	32M
5045	3257	consensus	3	32M
10401	3258	consensus	3	32M
10402	3259	consensus	3	32M
10403	3260	consensus	3	32M
8540	3261	consensus	4	32M
6880	3262	consensus	3	32M
10404	3263	consensus	3	32M
10405	3264	consensus	5	32M
10406	3265	consensus	3	32M
3727	3266	consensus	3	32M
7393	3267	consensus	4	32M
10407	3268	consensus	3	32M
10408	3269	consensus	3	32M
10409	3270	consensus	6	32M
10410	3271	consensus	3	32M
10411	3272	consensus	3	32M
3136	3273	consensus	4	32M
10412	3274	consensus	3	32M
7013	3275	consensus	7	32M
4076	3276	consensus	4	32M
3226	3277	consensus	5	32M
10413	3278	consensus	3	32M
10414	3279	consensus	3	32M
10415	3280	consensus	3	32M
7712	3281	consensus	5	32M
10416	3282	consensus	5	32M
10417	3283	consensus	3	32M
10418	3284	consensus	5	32M
10419	3285	consensus	3	32M
3029	3286	consensus	4	32M
4103	3287	consensus	5	32M
10420	3288	consensus	3	32M
10421	3289	consensus	4	32M
10422	3290	consensus	3	32M
10423	3291	consensus	5	32M
10424	3292	C	3	32M
979	3293	CAA	7	32M
10425	3294	consensus	3	32M
10426	3295	consensus	4	32M
7679	3296	consensus	4	32M
10427	3297	consensus	3	32M
6684	3298	consensus	3	32M
10428	3299	consensus	3	32M
10429	3300	consensus	3	32M
10430	3301	consensus	3	32M
10431	3302	consensus	3	32M
4178	3303	consensus	3	32M
2689	3304	GC	5	32M1D
8505	3305	consensus	3	32M
10432	3306	consensus	3	32M
10433	3307	consensus	3	32M
450	3308	T	4	32M
2376	3309	consensus	4	32M
2124	3310	consensus	3	32M
10434	3311	consensus	5	32M
398	3312	consensus	4	32M
10435	3313	consensus	4	32M
6556	3314	consensus	3	32M
8	3315	CCAC	6	22M1D4M1D6M
8	3315	GCAC	6	22M1D4M1D6M
1303	3316	consensus	5	32M
10436	3317	consensus	3	32M
1231	3318	C	2	32M
1231	3318	T	3	32M
294	3319	T	9	32M2D
10437	3320	consensus	3	32M
5150	3321	G	13	32M
10438	3322	consensus	4	32M
10439	3323	consensus	4	32M
10440	3324	consensus	3	32M
10441	3325	C	3	32M
10442	3326	consensus	4	32M
8523	3327	G	3	32M
10443	3328	consensus	4	32M
1080	3329	consensus	4	32M
1411	3330	consensus	3	32M
10444	3331	consensus	4	32M
3403	3332	consensus	3	32M
10445	3333	consensus	3	32M
1190	3334	consensus	3	32M
10446	3335	consensus	3	32M
10447	3336	consensus	5	32M
10448	3337	consensus	4	32M
10449	3338	consensus	3	32M
1452	3339	consensus	3	32M
2798	3340	consensus	3	32M
4664	3341	consensus	4	32M
10450	3342	consensus	3	32M
10451	3343	consensus	4	32M
10452	3344	consensus	4	32M
10453	3345	consensus	4	32M
1754	3346	consensus	4	32M
2031	3347	consensus	5	32M
10454	3348	consensus	4	32M
10455	3349	consensus	3	32M
# sstacks completed on 2026-06-26 14:29:45
